task,seed,task_kind,task_source,target_formula,feynman_dataset_filename,feynman_dataset_rows,feynman_dataset_columns,feynman_split_seed,feynman_equation_metadata,n_var,width,lib,icbr_topk_used,teacher_test_mse,teacher_test_r2,teacher_max_test_mse_threshold,teacher_min_test_r2_threshold,teacher_quality_gate_pass,teacher_quality_gate_reason,teacher_cache_hit,teacher_cache_key,teacher_cache_path,teacher_cache_mode,teacher_cache_status,shared_tensor_candidate_time_ratio_no_shared_vs_full,shared_tensor_symbolic_time_ratio_no_shared_vs_full,contextual_replay_mse_gain_full_vs_no_replay,contextual_replay_target_mse_gain_full_vs_no_replay,contextual_replay_rank_inversion_rate_full,explicit_commit_mse_gain_explicit_vs_refit,explicit_commit_target_mse_gain_explicit_vs_refit,explicit_commit_refit_commit_param_drift_l2_mean,candidate_generation_wall_time_s,replay_rerank_wall_time_s,symbolic_wall_time_s,baseline_symbolic_wall_time_s,symbolic_wall_time_delta_s,symbolic_speedup_vs_baseline,replay_imitation_gap,final_mse_loss_shift,baseline_mse,icbr_mse,teacher_target_mse,teacher_target_r2,baseline_target_mse,baseline_target_r2,icbr_target_mse,icbr_target_r2,symbolic_target_mse_shift,symbolic_target_r2_shift,formula_validation_result,baseline_formula_validation_result,icbr_formula_validation_result,baseline_formula_error,icbr_formula_error,baseline_formula_raw,baseline_formula_display,icbr_formula_raw,icbr_formula_display
minimal,0,synthetic,synthetic_formula,,,,,,{},1,"[[1, 0], [1, 0]]","[""__FULL_SYMBOLIC_LIB__""]",3,0.0007140630623325706,0.9985461056130114,0.1,0.75,True,,False,minimal_seed0_b3ab6f256bfa893f,outputs\teacher_cache_stage20_quality_10seeds\minimal_seed0_b3ab6f256bfa893f,readwrite,miss_write,1.1216823064026877,1.1133896184682999,0.0,0.0,0.0,0.020380183472298086,0.021755654430307914,3.5425846576690674,0.15180349999999976,0.003731000000000151,0.1589881000000002,1.6640091999999997,1.5050210999999996,10.466249989779095,0.0007110225269570947,3.715854836627841e-05,0.0006738639785908163,0.0007110225269570947,0.0007140630623325706,0.9985461235046387,3.997566454927437e-05,0.9999185800552368,4.658282705349848e-05,0.9999051690101624,6.607162504224107e-06,-1.341104507446289e-05,True,True,True,,,0.992729842662811*sin(3.13696002960205*x_1 - 0.00288001005537808) - 0.0037792045623064,0.99273*sin(3.13696*x_1 - 0.00288001) - 0.0037792,0.995070815086365*sin(3.15000009536743*x_1 + 2.38418579101562e-7) - 0.00368373282253742,0.995071*sin(3.15*x_1 + 2.38419e-7) - 0.00368373
minimal,1,synthetic,synthetic_formula,,,,,,{},1,"[[1, 0], [1, 0]]","[""__FULL_SYMBOLIC_LIB__""]",3,0.0008472570916637778,0.9982281232666426,0.1,0.75,True,,False,minimal_seed1_e26a76ea055b3466,outputs\teacher_cache_stage20_quality_10seeds\minimal_seed1_e26a76ea055b3466,readwrite,miss_write,0.8027172783765318,0.8068111252264816,0.0,0.0,0.0,0.01831937814131379,0.019148696925185504,3.572183132171631,0.20068610000000042,0.003588099999999983,0.20757509999999968,1.5754897999999997,1.3679147,7.589974905467959,0.0008611804805696011,3.3903808798640966e-05,0.0008272766717709601,0.0008611804805696011,0.0008472570916637778,0.998228132724762,2.000064887397457e-05,0.9999581575393677,2.6428360797581263e-05,0.9999447464942932,6.427711923606694e-06,-1.341104507446289e-05,True,True,True,,,-0.993758082389832*cos(3.13624000549316*x_1 + 1.57231986522675) - 0.000259615480899811,-0.993758*cos(3.13624*x_1 + 1.57232) - 0.000259615,0.996027529239655*sin(3.15000009536743*x_1 + 2.38418579101562e-7) - 0.000142003409564495,0.996028*sin(3.15*x_1 + 2.38419e-7) - 0.000142003
minimal,2,synthetic,synthetic_formula,,,,,,{},1,"[[1, 0], [1, 0]]","[""__FULL_SYMBOLIC_LIB__""]",3,0.0008897362858988345,0.998102326834489,0.1,0.75,True,,False,minimal_seed2_c2d10cf897d3b447,outputs\teacher_cache_stage20_quality_10seeds\minimal_seed2_c2d10cf897d3b447,readwrite,miss_write,0.8717349567268833,0.8467748075637814,0.0,0.0,0.0,0.018211272137705237,0.018883182950958144,0.3359679877758026,0.1993848000000007,0.008732799999998875,0.2127718000000005,1.6568828999999994,1.4441110999999989,7.787135795251041,0.0009106709039770067,3.287772415205836e-05,0.0008777931798249483,0.0009106709039770067,0.0008897362858988345,0.9981023073196411,1.170462383015547e-05,0.9999750256538391,2.066297020064667e-05,0.999955952167511,8.9583463704912e-06,-1.9073486328125e-05,True,True,True,,,0.00175361707806587 - 0.996561706066132*cos(3.13720011711121*x_1 + 1.57231986522675),0.00175362 - 0.996562*cos(3.1372*x_1 + 1.57232),0.998783349990845*sin(3.15000009536743*x_1 + 2.38418579101562e-7) + 0.00193120539188385,0.998783*sin(3.15*x_1 + 2.38419e-7) + 0.00193121
minimal,3,synthetic,synthetic_formula,,,,,,{},1,"[[1, 0], [1, 0]]","[""__FULL_SYMBOLIC_LIB__""]",3,0.0008938517421483994,0.998168441824176,0.1,0.75,True,,False,minimal_seed3_e8658b272635564f,outputs\teacher_cache_stage20_quality_10seeds\minimal_seed3_e8658b272635564f,readwrite,miss_write,1.0310203184043711,1.0582369668985598,0.0,0.0,0.0,0.01841297943610698,0.01922341462704935,3.5737123489379883,0.19826360000000065,0.003833199999998982,0.20522360000000006,1.6677001999999987,1.4624765999999987,8.126259358085514,0.0008931400952860713,2.2004242055118084e-05,0.0008711358532309532,0.0008931400952860713,0.0008938517421483994,0.9981684684753418,2.3431724912370555e-05,0.999951958656311,3.3577638532733545e-05,0.9999312162399292,1.014591362036299e-05,-2.0742416381835938e-05,True,True,True,,,0.994851410388947*cos(3.13816022872925*x_1 - 1.57143986225128) - 0.00299206376075745,0.994851*cos(3.13816*x_1 - 1.57144) - 0.00299206,0.996451377868652*sin(3.15000009536743*x_1 + 2.38418579101562e-7) - 0.00303188338875771,0.996451*sin(3.15*x_1 + 2.38419e-7) - 0.00303188
minimal,4,synthetic,synthetic_formula,,,,,,{},1,"[[1, 0], [1, 0]]","[""__FULL_SYMBOLIC_LIB__""]",3,0.0008039998938329518,0.9984255150855621,0.1,0.75,True,,False,minimal_seed4_4fec3195633ce701,outputs\teacher_cache_stage20_quality_10seeds\minimal_seed4_4fec3195633ce701,readwrite,miss_write,0.8342786067586483,0.8384358597944682,0.0,0.0,0.0,0.016196607088204473,0.016330012173057185,3.577462673187256,0.19271320000000003,0.00329309999999694,0.19890800000000297,1.6247581999999987,1.4258501999999957,8.168390411647467,0.0007815710850991309,1.3661920092999935e-06,0.0007802048930898309,0.0007815710850991309,0.0008039998938329518,0.9984255433082581,2.3505661374656484e-05,0.9999539852142334,2.7722626327886246e-05,0.9999457001686096,4.216964953229763e-06,-8.285045623779297e-06,True,True,True,,,-0.995811820030212*cos(3.14791989326477*x_1 + 1.56967985630035) - 0.00174834486097097,-0.995812*cos(3.14792*x_1 + 1.56968) - 0.00174834,0.996128439903259*sin(3.15000009536743*x_1 + 2.38418579101562e-7) - 0.00179093144834042,0.996128*sin(3.15*x_1 + 2.38419e-7) - 0.00179093
minimal,5,synthetic,synthetic_formula,,,,,,{},1,"[[1, 0], [1, 0]]","[""__FULL_SYMBOLIC_LIB__""]",3,0.0006951383547857404,0.9986019848412161,0.1,0.75,True,,False,minimal_seed5_d5369214cfe5df94,outputs\teacher_cache_stage20_quality_10seeds\minimal_seed5_d5369214cfe5df94,readwrite,miss_write,0.800989734683325,0.7971533994429971,0.0,0.0,0.0,0.013944054429885,0.01356061761816818,0.3038613796234131,0.18235190000000046,0.004198999999999842,0.19098569999999881,1.5695014,1.3785157000000012,8.217900083618877,0.0006782482960261405,2.0884908735752106e-06,0.0006761598051525652,0.0006782482960261405,0.0006951383547857404,0.9986019730567932,1.846787017711904e-05,0.9999628663063049,1.2395627891237382e-05,0.9999750852584839,-6.072242285881657e-06,1.2218952178955078e-05,True,True,True,,,-1.00030136108398*cos(3.15128016471863*x_1 + 1.56887984275818) - 0.00114839151501656,-1.0003*cos(3.15128*x_1 + 1.56888) - 0.00114839,1.00005269050598*sin(3.15000009536743*x_1 + 2.38418579101562e-7) - 0.00130563601851463,1.00005*sin(3.15*x_1 + 2.38419e-7) - 0.00130564
minimal,6,synthetic,synthetic_formula,,,,,,{},1,"[[1, 0], [1, 0]]","[""__FULL_SYMBOLIC_LIB__""]",3,0.0009082666365429759,0.9981985988166633,0.1,0.75,True,,False,minimal_seed6_d8bd5448d293ad99,outputs\teacher_cache_stage20_quality_10seeds\minimal_seed6_d8bd5448d293ad99,readwrite,miss_write,1.1677223767925926,1.161316590184325,0.0,0.0,0.0,0.022413540573325008,0.024206545673223445,3.5679845809936523,0.15641920000000198,0.003571700000001954,0.16271730000000062,1.5902569999999976,1.427539699999997,9.773127995609512,0.0009386521414853632,6.246473640203476e-05,0.0008761874050833285,0.0009386521414853632,0.0009082666365429759,0.9981986284255981,3.2633357477607206e-05,0.9999352693557739,2.7134545234730467e-05,0.9999461770057678,-5.498812242876738e-06,1.0907649993896484e-05,True,True,True,,,-0.993571102619171*cos(3.13199996948242*x_1 + 1.57303988933563) - 0.000823402777314186,-0.993571*cos(3.132*x_1 + 1.57304) - 0.000823403,0.996283710002899*sin(3.15000009536743*x_1 + 2.38418579101562e-7) - 0.000665272586047649,0.996284*sin(3.15*x_1 + 2.38419e-7) - 0.000665273
minimal,7,synthetic,synthetic_formula,,,,,,{},1,"[[1, 0], [1, 0]]","[""__FULL_SYMBOLIC_LIB__""]",3,0.0007509135757572949,0.9984736991518993,0.1,0.75,True,,False,minimal_seed7_6ee0844da5a7afc3,outputs\teacher_cache_stage20_quality_10seeds\minimal_seed7_6ee0844da5a7afc3,readwrite,miss_write,1.2128853504367743,1.2146108005941887,0.0,0.0,0.0,0.019570919394027442,0.020240519688741188,3.578094005584717,0.1668902999999986,0.0034910000000039076,0.1730090000000004,1.5830347999999965,1.410025799999996,9.150014161112964,0.0007693761144764721,3.0326133128255606e-05,0.0007390499813482165,0.0007693761144764721,0.0007509135757572949,0.9984737038612366,1.2276039342395961e-05,0.9999750256538391,2.2174297555466183e-05,0.9999549388885498,9.898258213070221e-06,-2.008676528930664e-05,True,True,True,,,0.995471715927124*cos(3.13743996620178*x_1 - 1.57191979885101) - 0.001135996542871,0.995472*cos(3.13744*x_1 - 1.57192) - 0.001136,0.997665703296661*sin(3.15000009536743*x_1 + 2.38418579101562e-7) - 0.000993971247226,0.997666*sin(3.15*x_1 + 2.38419e-7) - 0.000993971
minimal,8,synthetic,synthetic_formula,,,,,,{},1,"[[1, 0], [1, 0]]","[""__FULL_SYMBOLIC_LIB__""]",3,0.0007315539987757802,0.9984722332254783,0.1,0.75,True,,False,minimal_seed8_6d01c12e2a2b2b39,outputs\teacher_cache_stage20_quality_10seeds\minimal_seed8_6d01c12e2a2b2b39,readwrite,miss_write,0.9730012480846016,0.9668715815479884,0.0,0.0,0.0,0.023427854874171317,0.025055023197637638,3.8021295070648193,0.15551830000000422,0.0039548000000024786,0.16255529999999396,1.6698075000000046,1.5072522000000106,10.27224273831777,0.0007544573163613677,5.2014540415257215e-05,0.0007024427759461105,0.0007544573163613677,0.0007315539987757802,0.9984722137451172,2.9864755560993217e-05,0.9999376535415649,2.9675375117221847e-05,0.9999380111694336,-1.8938044377136976e-07,3.5762786865234375e-07,True,True,True,,,6.89290463924408e-5 - 0.993013024330139*cos(3.13456010818481*x_1 + 1.57383990287781),6.8929e-5 - 0.993013*cos(3.13456*x_1 + 1.57384),0.995953142642975*sin(3.15000009536743*x_1 + 2.38418579101562e-7) - 0.000672042369842529,0.995953*sin(3.15*x_1 + 2.38419e-7) - 0.000672042
minimal,9,synthetic,synthetic_formula,,,,,,{},1,"[[1, 0], [1, 0]]","[""__FULL_SYMBOLIC_LIB__""]",3,0.0008633780525997281,0.9983007107002619,0.1,0.75,True,,False,minimal_seed9_58e1daff494770a0,outputs\teacher_cache_stage20_quality_10seeds\minimal_seed9_58e1daff494770a0,readwrite,miss_write,1.043876385025947,1.0064790143291336,0.0,0.0,0.0,0.021272080775815994,0.022709967368427897,3.5815138816833496,0.1552498,0.007579400000004455,0.1673094000000006,1.6513453000000027,1.484035900000002,9.870009096918624,0.000860692176502198,4.3382635340094566e-05,0.0008173095411621034,0.000860692176502198,0.0008633780525997281,0.9983007311820984,4.509741484071128e-05,0.9999112486839294,4.957636338076554e-05,0.9999024271965027,4.478948540054262e-06,-8.821487426757812e-06,True,True,True,,,0.991148114204407*sin(3.13479995727539*x_1 + 0.000800001434981823) + 0.00237748399376869,0.991148*sin(3.1348*x_1 + 0.000800001) + 0.00237748,0.993361175060272*sin(3.15000009536743*x_1 + 2.38418579101562e-7) + 0.00207416154444218,0.993361*sin(3.15*x_1 + 2.38419e-7) + 0.00207416
combo,0,synthetic,synthetic_formula,,,,,,{},2,"[[2, 0], [2, 0], [1, 0]]","[""__FULL_SYMBOLIC_LIB__""]",3,0.00010626178118400276,0.9998100000772671,0.1,0.75,True,,False,combo_seed0_e65d9bd8d2c161a9,outputs\teacher_cache_stage20_quality_10seeds\combo_seed0_e65d9bd8d2c161a9,readwrite,miss_write,1.744142991729815,1.6170602928980884,7.121998351067305e-07,2.565575414337218e-06,0.16666666666666666,0.02281540582771413,0.022839823897811584,2.418438153962294,0.5325287000000003,0.07390960000000035,0.6382492999999982,9.746189100000002,9.107939800000004,15.270191600680219,0.00025255655054934323,3.908922371920198e-05,0.00021346732683014125,0.00025255655054934323,0.00010626178118400276,0.999809980392456,0.00013431921252049506,0.9997598528862,0.00018100238230545074,0.9996763467788696,4.668316978495568e-05,-8.350610733032227e-05,True,True,True,,,21.7246666652138*(-0.0126543782362812*sin(3.18976020812988*x_1 + 0.0115199955180287) + 0.0159853727953154*cos(1.50359976291656*x_2 + 6.396559715271) - 1)**2 + 1.51214396953583*asin(0.216098984175446*(0.143021143542381 - x_2)**2 + 0.29367505639447*cos(3.08519983291626*x_1 - 1.58575987815857) - 0.192755392914071) - 20.7568390667439,21.7247*(-0.0126544*sin(3.18976*x_1 + 0.01152) + 0.0159854*cos(1.5036*x_2 + 6.39656) - 1)**2 + 1.51214*asin(0.216099*(0.143021 - x_2)**2 + 0.293675*cos(3.0852*x_1 - 1.58576) - 0.192755) - 20.7568,-31.3628955710299*(-0.00600713737462157*cos(3.20000004768372*x_1 - 1.54999995231628) - 1 + 0.020479814612692*exp(-0.422499969005585*(-x_2 - 0.0769233731828606)**2))**3 - 2.23781704902649*tan(-0.145852319152282*(x_2 - 0.142857153669776)**2 + 0.198618235781904*cos(3.09999990463257*x_1 + 1.54999995231628) + 0.153538574670445) - 29.1433814167976,-31.3629*(-0.00600714*cos(3.2*x_1 - 1.55) - 1 + 0.0204798*exp(-0.4225*(-x_2 - 0.0769234)**2))**3 - 2.23782*tan(-0.145852*(x_2 - 0.142857)**2 + 0.198618*cos(3.1*x_1 + 1.55) + 0.153539) - 29.1434
combo,1,synthetic,synthetic_formula,,,,,,{},2,"[[2, 0], [2, 0], [1, 0]]","[""__FULL_SYMBOLIC_LIB__""]",3,7.166402065195143e-05,0.9998780598353462,0.1,0.75,True,,False,combo_seed1_260845db1aeb052a,outputs\teacher_cache_stage20_quality_10seeds\combo_seed1_260845db1aeb052a,readwrite,miss_write,1.775675169635365,1.6537416691155349,0.00024347059661522508,0.00014019128866493702,0.5,0.02102423383621499,0.021331824187655002,3.288444677988688,0.5805541000000005,0.07906129999999223,0.6904578999999984,10.358659100000004,9.668201200000006,15.002593351455648,0.0003662005183286965,-0.0001787349465303123,0.0005449354648590088,0.0003662005183286965,7.166402065195143e-05,0.9998780488967896,0.0004408066160976887,0.9992499351501465,0.0003836268442682922,0.9993472099304199,-5.7179771829396486e-05,9.72747802734375e-05,True,True,True,,,3.27465105056763*cos(-0.0866122487179987*(0.0862190422896422 - x_2)**4 + 0.149532183082243*cos(3.11904001235962*x_1 + 1.57487988471985) + 7.5324424377395) + 5.29897880554199*acos(-0.100087312725211*sin(3.16192007064819*x_1 - 0.00432000774890184) - 0.411964077881965 + 0.306603459125503*exp(-0.571535522712807*(-x_2 - 0.0467724682404087)**2)) - 9.90529632568359,3.27465*cos(-0.0866122*(0.086219 - x_2)**4 + 0.149532*cos(3.11904*x_1 + 1.57488) + 7.53244) + 5.29898*acos(-0.100087*sin(3.16192*x_1 - 0.00432001) - 0.411964 + 0.306603*exp(-0.571536*(-x_2 - 0.0467725)**2)) - 9.9053,23.7434735971953*(-0.00570886047295196*sin(3.15000009536743*x_1 + 2.38418579101562e-7) - 0.00593761774712528*cos(1.85000002384186*x_2 - 3.04999995231628) - 1)**4 - 3.51963424682617*cos(0.0766840624563082*(x_2 - 0.131578949019519)**2 + 0.139513850212097*sin(3.09999990463257*x_1 + 2.38418579101562e-7) - 4.38079429976642) - 24.3513226509094,23.7435*(-0.00570886*sin(3.15*x_1 + 2.38419e-7) - 0.00593762*cos(1.85*x_2 - 3.05) - 1)**4 - 3.51963*cos(0.0766841*(x_2 - 0.131579)**2 + 0.139514*sin(3.1*x_1 + 2.38419e-7) - 4.38079) - 24.3513
combo,2,synthetic,synthetic_formula,,,,,,{},2,"[[2, 0], [2, 0], [1, 0]]","[""__FULL_SYMBOLIC_LIB__""]",3,8.69996365508996e-05,0.9998411784886854,0.1,0.75,True,,False,combo_seed2_fda0f350558da09b,outputs\teacher_cache_stage20_quality_10seeds\combo_seed2_fda0f350558da09b,readwrite,miss_write,1.5580329012389336,1.446095250236169,6.622049841098487e-05,5.59767649974674e-05,0.3333333333333333,0.014592750929296017,0.014585004915716127,2.8540248349308968,0.5946462999999937,0.08794790000000319,0.7154081999999988,10.064130500000005,9.348722300000006,14.067675629102407,0.0002614930272102356,6.141082849353552e-06,0.00025535194436088204,0.0002614930272102356,8.69996365508996e-05,0.9998411536216736,0.00024595719878561795,0.999550998210907,0.0002564752649050206,0.9995318055152893,1.0518066119402647e-05,-1.919269561767578e-05,True,True,True,,,-281.395594639198*(0.000668939624498462*sin(3.18384003639221*x_1 - 9.39391994476318) - 0.000781474110027652*cos(1.63264000415802*x_2 - 2.99655985832214) + 1)**3 + 2.81567454338074*acos(-0.0994282889359672*(0.212468333419273 - x_2)**2 - 0.1533276107074*cos(3.0875198841095*x_1 - 1.60911989212036) + 0.0291618464242496) + 277.681569099426,-281.396*(0.00066894*sin(3.18384*x_1 - 9.39392) - 0.000781474*cos(1.63264*x_2 - 2.99656) + 1)**3 + 2.81567*acos(-0.0994283*(0.212468 - x_2)**2 - 0.153328*cos(3.08752*x_1 - 1.60912) + 0.0291618) + 277.682,0.566782232177934*cos(3.20000004768372*x_1 - 1.54999995231628) + 0.682073447690912*cos(1.60000002384186*x_2 - 3.0) - 3.91334247589111*tan(-0.0715268271251421*(0.212499916553497 - x_2)**2 + 0.11055102881485*cos(3.09999990463257*x_1 + 1.54999995231628) + 0.0373907826906117) + 0.795906030192859,0.566782*cos(3.2*x_1 - 1.55) + 0.682073*cos(1.6*x_2 - 3.0) - 3.91334*tan(-0.0715268*(0.2125 - x_2)**2 + 0.110551*cos(3.1*x_1 + 1.55) + 0.0373908) + 0.795906
combo,3,synthetic,synthetic_formula,,,,,,{},2,"[[2, 0], [2, 0], [1, 0]]","[""__FULL_SYMBOLIC_LIB__""]",3,9.052405948750675e-05,0.9998450351687175,0.1,0.75,True,,False,combo_seed3_2e678287e220ea31,outputs\teacher_cache_stage20_quality_10seeds\combo_seed3_2e678287e220ea31,readwrite,miss_write,2.0466994454534615,1.90138013617939,3.657382330857217e-05,3.704233677126467e-05,0.5,0.015320329315727577,0.01548017465393059,2.8113373517990112,0.5713857999999874,0.07957629999998517,0.6820268999999968,10.666614699999997,9.9845878,15.639580638241757,0.00030527604394592345,5.609920481219888e-05,0.00024917683913372457,0.00030527604394592345,9.052405948750675e-05,0.999845027923584,0.00022241953411139548,0.9996192455291748,0.00028823225875385106,0.9995065927505493,6.581272464245558e-05,-0.00011265277862548828,True,True,True,,,1.60973238945007*acos(-0.165261413942108*(0.127387499182197 - x_2)**2 + 0.269875244901518*sin(3.10743999481201*x_1 + 9.41232013702393) + 0.0990161374797485) + 4.10577011108398*acos(-0.135642553927346*sin(3.16648006439209*x_1 + 0.00983999855816364) - 0.391378091022603 + 0.420022717001372*exp(-0.518399440384062*(-x_2 - 0.05122220528364)**2)) - 8.71637058258057,1.60973*acos(-0.165261*(0.127387 - x_2)**2 + 0.269875*sin(3.10744*x_1 + 9.41232) + 0.0990161) + 4.10577*acos(-0.135643*sin(3.16648*x_1 + 0.00984) - 0.391378 + 0.420023*exp(-0.518399*(-x_2 - 0.0512222)**2)) - 8.71637,3.98705744743347*acos(-0.139223322272301*sin(3.15000009536743*x_1 + 2.38418579101562e-7) - 0.147688388824463*cos(1.75*x_2 - 3.04999995231628) - 0.12757678120397) + 2.20639324188232*atanh(0.120687837103106*(0.126760570119946 - x_2)**2 + 0.19673693030132*sin(3.09999990463257*x_1 + 2.38418579101562e-7) - 0.054315569412688) - 6.08036900311708,3.98706*acos(-0.139223*sin(3.15*x_1 + 2.38419e-7) - 0.147688*cos(1.75*x_2 - 3.05) - 0.127577) + 2.20639*atanh(0.120688*(0.126761 - x_2)**2 + 0.196737*sin(3.1*x_1 + 2.38419e-7) - 0.0543156) - 6.08037
combo,4,synthetic,synthetic_formula,,,,,,{},2,"[[2, 0], [2, 0], [1, 0]]","[""__FULL_SYMBOLIC_LIB__""]",3,0.00013020492042414844,0.999788615229878,0.1,0.75,True,,False,combo_seed4_0fd9cf4173c00344,outputs\teacher_cache_stage20_quality_10seeds\combo_seed4_0fd9cf4173c00344,readwrite,miss_write,1.697966684926965,1.5936094327991877,0.0,0.0,0.0,0.012714519398286939,0.012700722887529992,4.114757706721623,0.5602329000000026,0.07491170000001546,0.6638283999999999,10.0909513,9.4271229,15.201144301750276,0.0002012436743825674,3.489217488095164e-05,0.00016635149950161576,0.0002012436743825674,0.00013020492042414844,0.9997886419296265,0.00010951971489703283,0.999822199344635,0.0001394438004354015,0.9997736215591431,2.9924085538368672e-05,-4.857778549194336e-05,True,True,True,,,-1.02080726623535*acos(0.292349278434093*(0.0959582864815886 - x_2)**2 + 0.412969011678342*cos(3.06623959541321*x_1 - 1.59903991222382) - 0.238142602599175) - 5.14511585235596*atan(0.111434140069897*cos(3.19392013549805*x_1 + 1.58935987949371) - 0.23622349809428 + 0.42820944937354*exp(-0.36927486512656*(-x_2 - 0.0467351008226733)**2)) + 2.8201185464859,-1.02081*acos(0.292349*(0.0959583 - x_2)**2 + 0.412969*cos(3.06624*x_1 - 1.59904) - 0.238143) - 5.14512*atan(0.111434*cos(3.19392*x_1 + 1.58936) - 0.236223 + 0.428209*exp(-0.369275*(-x_2 - 0.0467351)**2)) + 2.82012,4.10754680633545*cos(0.178052738308907*sin(1.5*x_2 - 1.5) + 0.140036389231682*cos(3.20000004768372*x_1 - 1.54999995231628) + 4.61430679820478) - 1.45836055278778*atanh(-0.204682904493158*(0.0957446885411156 - x_2)**2 + 0.288363993167877*cos(3.04999995231628*x_1 + 1.54999995231628) + 0.180012449622154) + 1.37993574142456,4.10755*cos(0.178053*sin(1.5*x_2 - 1.5) + 0.140036*cos(3.2*x_1 - 1.55) + 4.61431) - 1.45836*atanh(-0.204683*(0.0957447 - x_2)**2 + 0.288364*cos(3.05*x_1 + 1.55) + 0.180012) + 1.37994
combo,5,synthetic,synthetic_formula,,,,,,{},2,"[[2, 0], [2, 0], [1, 0]]","[""__FULL_SYMBOLIC_LIB__""]",3,0.0001022317010210827,0.9998209248266571,0.1,0.75,True,,False,combo_seed5_7a61f49e56d45d5a,outputs\teacher_cache_stage20_quality_10seeds\combo_seed5_7a61f49e56d45d5a,readwrite,miss_write,1.6622822096168222,1.5560160066504818,2.8005510102957487e-05,2.5634304620325565e-05,0.3333333333333333,0.012080066546332091,0.012097963481210172,1.2799687169026583,0.5299706000000128,0.07472400000003177,0.6327369999999917,9.489995800000003,8.857258800000011,14.998326002746998,0.0006380158592946827,-1.1790019925683737e-05,0.0006498058792203665,0.0006380158592946827,0.0001022317010210827,0.9998209476470947,0.0006688030553050339,0.9988284707069397,0.0006626505637541413,0.998839259147644,-6.1524915508925915e-06,1.0788440704345703e-05,True,True,True,,,-1.17282378673553*atan(-0.139644382832683*(0.215017194373877 - x_2)**2 + 0.359693187184789*sin(3.1146399974823*x_1 + 9.38912010192871) + 0.0754018191782695) - 3.40527963638306*atanh(0.17136575624205*cos(3.16431999206543*x_1 + 1.59711992740631) - 0.341059316610928 + 0.445720461533163*exp(-0.739599614524892*(-x_2 - 0.0455813731139457)**2)) + 0.410103768110275,-1.17282*atan(-0.139644*(0.215017 - x_2)**2 + 0.359693*sin(3.11464*x_1 + 9.38912) + 0.0754018) - 3.40528*atanh(0.171366*cos(3.16432*x_1 + 1.59712) - 0.341059 + 0.44572*exp(-0.7396*(-x_2 - 0.0455814)**2)) + 0.410104,2.55344390869141*acos(-0.228556857791133*cos(3.15000009536743*x_1 - 1.54999995231628) - 0.226582609022699*cos(1.95000004768372*x_2 - 3.04999995231628) - 0.101063881006026) - 4.81718003749847 + 1.98728823661804*exp(-0.599233667856884*(0.124135229813564*(0.215053707757484 - x_2)**2 - 0.318913983786301*cos(3.09999990463257*x_1 + 1.54999995231628) - 1)**2),2.55344*acos(-0.228557*cos(3.15*x_1 - 1.55) - 0.226583*cos(1.95*x_2 - 3.05) - 0.101064) - 4.81718 + 1.98729*exp(-0.599234*(0.124135*(0.215054 - x_2)**2 - 0.318914*cos(3.1*x_1 + 1.55) - 1)**2)
combo,6,synthetic,synthetic_formula,,,,,,{},2,"[[2, 0], [2, 0], [1, 0]]","[""__FULL_SYMBOLIC_LIB__""]",3,0.00010307439515599981,0.999829416807742,0.1,0.75,True,,False,combo_seed6_a9bfda0edd5f1bd3,outputs\teacher_cache_stage20_quality_10seeds\combo_seed6_a9bfda0edd5f1bd3,readwrite,miss_write,1.7555272945438374,1.635503262538232,2.8874201234430075e-06,1.3843236956745386e-07,0.3333333333333333,0.022174158337293193,0.02231354951800313,2.9974094976981482,0.5178709000000197,0.07619459999997957,0.6233336999999892,9.629048300000022,9.005714600000033,15.44766198265903,0.000293551740469411,5.774464807473123e-05,0.00023580709239467978,0.000293551740469411,0.00010307439515599981,0.9998294115066528,0.00017399514035787433,0.9997120499610901,0.00024056494294200093,0.9996019005775452,6.656980258412659e-05,-0.00011014938354492188,True,True,True,,,19.8098251557907*(0.00710677635201236*(0.20573833549369 - x_2)**2 + 0.0111287477194251*cos(3.07943987846375*x_1 - 1.59799993038177) + 1)**2 + 3.87520408630371*asin(-0.142892352510479*sin(3.19079995155334*x_1 - 9.40415954589844) + 0.184556137045398*cos(1.54759979248047*x_2 - 3.00807976722717) + 0.0931507186243254) - 19.4848920106888,19.8098*(0.00710678*(0.205738 - x_2)**2 + 0.0111287*cos(3.07944*x_1 - 1.598) + 1)**2 + 3.8752*asin(-0.142892*sin(3.1908*x_1 - 9.40416) + 0.184556*cos(1.5476*x_2 - 3.00808) + 0.0931507) - 19.4849,14.8807204500836*(0.0902826684578373*sin(0.550000011920929*x_2 + 4.59999990463257) - 0.0207746760334081*cos(3.09999990463257*x_1 + 1.54999995231628) + 1)**(3/2) + 5.04964160919189*atanh(0.109728349890237*cos(3.20000004768372*x_1 - 1.54999995231628) + 0.133944298832779*cos(1.60000002384186*x_2 - 3.0) + 0.0722942771452586) - 12.6316138207912,14.8807*(0.0902827*sin(0.55*x_2 + 4.6) - 0.0207747*cos(3.1*x_1 + 1.55) + 1)**(3/2) + 5.04964*atanh(0.109728*cos(3.2*x_1 - 1.55) + 0.133944*cos(1.6*x_2 - 3.0) + 0.0722943) - 12.6316
combo,7,synthetic,synthetic_formula,,,,,,{},2,"[[2, 0], [2, 0], [1, 0]]","[""__FULL_SYMBOLIC_LIB__""]",3,7.618101517437026e-05,0.9998773341401046,0.1,0.75,True,,False,combo_seed7_fa8fc9920980ffb1,outputs\teacher_cache_stage20_quality_10seeds\combo_seed7_fa8fc9920980ffb1,readwrite,miss_write,1.6559246355142423,1.5781019573854784,1.1122116120532155e-05,6.8012450356036425e-06,0.5,0.017487328994320706,0.017489885300165042,1.9695148188620806,0.5409125999999844,0.0643590999999617,0.6332017999999948,9.152879400000018,8.519677600000023,14.454916900110032,0.0004706675827037543,5.497431266121566e-05,0.00041569327004253864,0.0004706675827037543,7.618101517437026e-05,0.9998773336410522,0.0004005709197372198,0.9993550181388855,0.0004553409817162901,0.9992668032646179,5.4770061979070306e-05,-8.821487426757812e-05,True,True,True,,,3.41442346572876*asin(0.174004995278754*sin(1.7890397310257*x_2 - 1.41215968132019) - 0.16311996487528*cos(3.16991996765137*x_1 + 1.58159983158112) + 0.0689995067968432) - 2.51690173149109*atan(-0.0990450281629613*(0.244417829471202 - x_2)**2 + 0.176164455259968*sin(3.10863995552063*x_1 + 9.41079998016357) + 0.0927017417499131) + 0.551540523767471,3.41442*asin(0.174005*sin(1.78904*x_2 - 1.41216) - 0.16312*cos(3.16992*x_1 + 1.5816) + 0.0689995) - 2.5169*atan(-0.099045*(0.244418 - x_2)**2 + 0.176164*sin(3.10864*x_1 + 9.4108) + 0.0927017) + 0.551541,5.0199670791626*tan(-0.117234386760509*sin(1.79999995231628*x_2 - 4.55000019073486) + 0.110625352123757*cos(3.15000009536743*x_1 - 1.54999995231628) + 3.19264811564458) - 2.72276329994202*atan(0.617801595441563*sin(0.550000011920929*x_2 - 4.84999990463257) + 0.162531912824786*cos(3.09999990463257*x_1 + 1.54999995231628) - 0.516522982690162) + 0.566008657217026,5.01997*tan(-0.117234*sin(1.8*x_2 - 4.55) + 0.110625*cos(3.15*x_1 - 1.55) + 3.19265) - 2.72276*atan(0.617802*sin(0.55*x_2 - 4.85) + 0.162532*cos(3.1*x_1 + 1.55) - 0.516523) + 0.566009
combo,8,synthetic,synthetic_formula,,,,,,{},2,"[[2, 0], [2, 0], [1, 0]]","[""__FULL_SYMBOLIC_LIB__""]",3,0.00010472934081917629,0.9998138487847835,0.1,0.75,True,,False,combo_seed8_a455c85a29f4cb74,outputs\teacher_cache_stage20_quality_10seeds\combo_seed8_a455c85a29f4cb74,readwrite,miss_write,1.7000189747804253,1.5378143298001166,1.7696875147521496e-06,1.5890691429376602e-06,0.5,0.018038340349448845,0.018237948504975066,4.274612075959642,0.5365015999999798,0.08959029999999757,0.6606596000000025,9.414873,8.754213399999998,14.25071701069653,0.0003251484886277467,4.713860107585788e-05,0.0002780098875518888,0.0003251484886277467,0.00010472934081917629,0.9998138546943665,0.00021743671095464379,0.9996135234832764,0.0002618766447994858,0.999534547328949,4.443993384484202e-05,-7.897615432739258e-05,True,True,True,,,-2.58274865150452*acos(0.118044334229119*(0.159859011700733 - x_2)**2 - 0.171894997527369*sin(3.10704016685486*x_1 + 9.40423965454102) - 0.117579860816868) + 3.16878843307495*acos(0.172994316277961*sin(3.16736006736755*x_1 - 9.4093599319458) - 0.466452537349821 + 0.553306772291116*exp(-0.479417152634088*(-x_2 - 0.0744078409512232)**2)) - 0.362209320068359,-2.58275*acos(0.118044*(0.159859 - x_2)**2 - 0.171895*sin(3.10704*x_1 + 9.40424) - 0.11758) + 3.16879*acos(0.172994*sin(3.16736*x_1 - 9.40936) - 0.466453 + 0.553307*exp(-0.479417*(-x_2 - 0.0744078)**2)) - 0.362209,3.27987957000732*asin(0.166600609485332*cos(3.15000009536743*x_1 - 1.54999995231628) + 0.453917117324146 - 0.526746782729894*exp(-0.4899999833107*(-x_2 - 0.0714288451233735)**2)) - 3.95405268669128*atanh(0.778622199379072*sin(0.450000017881393*x_2 + 1.5) + 0.112175505627661*cos(3.09999990463257*x_1 + 1.54999995231628) - 0.693473593534599) + 0.553663909435272,3.27988*asin(0.166601*cos(3.15*x_1 - 1.55) + 0.453917 - 0.526747*exp(-0.49*(-x_2 - 0.0714288)**2)) - 3.95405*atanh(0.778622*sin(0.45*x_2 + 1.5) + 0.112176*cos(3.1*x_1 + 1.55) - 0.693474) + 0.553664
combo,9,synthetic,synthetic_formula,,,,,,{},2,"[[2, 0], [2, 0], [1, 0]]","[""__FULL_SYMBOLIC_LIB__""]",3,0.00013073183072265238,0.999779075672492,0.1,0.75,True,,False,combo_seed9_74849938ffc1ead3,outputs\teacher_cache_stage20_quality_10seeds\combo_seed9_74849938ffc1ead3,readwrite,miss_write,1.793278857359808,1.6615373145700694,1.2760574463754892e-06,2.568034688010812e-06,0.16666666666666666,0.015928249951684847,0.016128430885146372,6.553837964932124,0.5047117999999955,0.0749368999999831,0.6103044999999838,9.496415799999994,8.88611130000001,15.560127444579297,0.00023007564595900476,6.503023905679584e-05,0.00016504540690220892,0.00023007564595900476,0.00013073183072265238,0.9997791051864624,0.00013811288226861507,0.9997665882110596,0.00018282160453964025,0.9996910691261292,4.470872227102518e-05,-7.551908493041992e-05,True,True,True,,,-4.89441633224487*tan(0.113953363410799*cos(3.17736005783081*x_1 + 1.58127987384796) + 0.146318794990196*cos(1.49207973480225*x_2 - 6.20839977264404) + 6.07261681323028) - 1.27928030490875*asin(-0.227878277709626*(0.10740201005199 - x_2)**2 + 0.327280970116735*sin(3.08343982696533*x_1 + 9.40863990783691) + 0.234125719469439) - 0.02037712931633,-4.89442*tan(0.113953*cos(3.17736*x_1 + 1.58128) + 0.146319*cos(1.49208*x_2 - 6.2084) + 6.07262) - 1.27928*asin(-0.227878*(0.107402 - x_2)**2 + 0.327281*sin(3.08344*x_1 + 9.40864) + 0.234126) - 0.0203771,6.44864940643311*tan(0.114721423034439*sin(1.45000004768372*x_2 - 1.5) + 0.0853378011246022*cos(3.20000004768372*x_1 - 1.54999995231628) + 0.25430036885611) - 1.34767913818359*asin(-0.216501497624494*(x_2 - 0.107526879515148)**2 + 0.311828976656827*cos(3.09999990463257*x_1 + 1.54999995231628) + 0.235894168172035) - 0.593817144632339,6.44865*tan(0.114721*sin(1.45*x_2 - 1.5) + 0.0853378*cos(3.2*x_1 - 1.55) + 0.2543) - 1.34768*asin(-0.216501*(x_2 - 0.107527)**2 + 0.311829*cos(3.1*x_1 + 1.55) + 0.235894) - 0.593817
poly_cubic,0,synthetic,synthetic_formula,,,,,,{},2,"[[2, 0], [3, 0], [1, 0]]","[""__FULL_SYMBOLIC_LIB__""]",3,0.00019718980183824897,0.9957791703556922,0.1,0.75,True,,False,poly_cubic_seed0_d55adccbeb2ed0c8,outputs\teacher_cache_stage20_quality_10seeds\poly_cubic_seed0_d55adccbeb2ed0c8,readwrite,miss_write,1.7678458034880202,1.6275509891703608,0.00013260054402053356,0.00014631915837526321,0.5,0.012629998149350286,0.012591567356139421,6.0585672209660215,0.5409409000000096,0.08069489999996904,0.6533151999999802,9.917086100000006,9.263770900000026,15.179634730678707,0.0038795366417616606,7.641268894076347e-05,0.003803123952820897,0.0038795366417616606,0.00019718980183824897,0.9957791566848755,0.004211702384054661,0.9098489284515381,0.004270815756171942,0.9085835814476013,5.911337211728096e-05,-0.0012653470039367676,True,True,True,,,-0.271576659377838*sqrt(-0.536604884552308*(-x_2 - 0.00611640737247478)**2 - 0.0218779877471957*sin(7.67863988876343*x_1 + 6.40863990783691) + 1) - 1.56572782993317*tan(0.106322779058784*cos(4.7596001625061*x_1 - 7.81040000915527) + 0.637718810794141*cos(1.04095995426178*x_2 - 0.00288001005537808) + 5.76406732931418) + 0.440439164638519,-0.271577*sqrt(-0.536605*(-x_2 - 0.00611641)**2 - 0.021878*sin(7.67864*x_1 + 6.40864) + 1) - 1.56573*tan(0.106323*cos(4.7596*x_1 - 7.8104) + 0.637719*cos(1.04096*x_2 - 0.00288001) + 5.76407) + 0.440439,-0.272411485905567*sqrt(-0.535809875933957*(-x_2 - 0.0111111534966363)**2 - 0.00131848208075926*tan(1.54999995231628*x_1 + 2.38418579101562e-7) + 1) - 1.18703806400299*acos(0.423277927035209*(-x_2 - 5.41860395304498e-8)**2 - 0.140624701072068*sin(4.75*x_1 + 0.0500001907348633) - 0.141470674464183) + 2.29081064462662,-0.272411*sqrt(-0.53581*(-x_2 - 0.0111112)**2 - 0.00131848*tan(1.55*x_1 + 2.38419e-7) + 1) - 1.18704*acos(0.423278*(-x_2 - 5.4186e-8)**2 - 0.140625*sin(4.75*x_1 + 0.0500002) - 0.141471) + 2.29081
poly_cubic,1,synthetic,synthetic_formula,,,,,,{},2,"[[2, 0], [3, 0], [1, 0]]","[""__FULL_SYMBOLIC_LIB__""]",3,0.00022089593403507024,0.9957921664683189,0.1,0.75,True,,False,poly_cubic_seed1_de2d01962450a9e7,outputs\teacher_cache_stage20_quality_10seeds\poly_cubic_seed1_de2d01962450a9e7,readwrite,miss_write,1.5963647851029241,1.4869532933551906,7.718894630670547e-05,6.811413913965225e-05,0.5,0.011900752317160368,0.011900505051016808,3.1297571063041687,0.5672621999999876,0.08098519999998643,0.6814554999999984,9.424726100000015,8.743270600000017,13.830288404745485,0.003684550989419222,6.55327457934618e-05,0.00361901824362576,0.003684550989419222,0.00022089593403507024,0.9957921504974365,0.004105554893612862,0.921793520450592,0.0041601452976465225,0.9207536578178406,5.459040403366089e-05,-0.0010398626327514648,True,True,True,,,0.225478857755661*tan(0.335726460190221*(-x_2 - 0.036686100994829)**2 + 0.0116047617932884*cos(7.75128030776978*x_1 + 4.7946400642395) - 2.70072338315491) - 1.56920218467712*tan(-0.10390782574706*cos(4.72656011581421*x_1 + 1.57855987548828) + 1.03837448339308*cos(0.780239701271057*x_2 - 0.00776000181213021) + 2.20906697629395) + 0.0499581769108772,0.225479*tan(0.335726*(-x_2 - 0.0366861)**2 + 0.0116048*cos(7.75128*x_1 + 4.79464) - 2.70072) - 1.5692*tan(-0.103908*cos(4.72656*x_1 + 1.57856) + 1.03837*cos(0.78024*x_2 - 0.00776) + 2.20907) + 0.0499582,-0.309319833192002*sqrt(-0.605193195139319*(-x_2 - 0.0365854117715745)**2 - 0.00132426481024313*tan(1.54999995231628*x_1 + 2.38418579101562e-7) + 1) - 1.45683932304382*tan(0.111369540572639*sin(4.75*x_1 + 2.38418579101562e-7) + 0.950805790246108*cos(0.850000023841858*x_2 + 2.38418579101562e-7) - 3.97070635248962) + 0.477134823799133,-0.30932*sqrt(-0.605193*(-x_2 - 0.0365854)**2 - 0.00132426*tan(1.55*x_1 + 2.38419e-7) + 1) - 1.45684*tan(0.11137*sin(4.75*x_1 + 2.38419e-7) + 0.950806*cos(0.85*x_2 + 2.38419e-7) - 3.97071) + 0.477135
poly_cubic,2,synthetic,synthetic_formula,,,,,,{},2,"[[2, 0], [3, 0], [1, 0]]","[""__FULL_SYMBOLIC_LIB__""]",3,0.00044005681411363184,0.990959724869284,0.1,0.75,True,,False,poly_cubic_seed2_51352dd31ac51d88,outputs\teacher_cache_stage20_quality_10seeds\poly_cubic_seed2_51352dd31ac51d88,readwrite,miss_write,1.5272143325762626,1.4397984502442087,3.298744559288025e-06,1.85379758477211e-06,0.6,0.011556671466678381,0.011809027753770351,3.392816213518381,0.4953750000000241,0.06760510000000863,0.5913577000000032,8.016962699999993,7.42560499999999,13.556875474860563,0.0034290929324924946,-1.2032222002744675e-05,0.0034411251544952393,0.0034290929324924946,0.00044005681411363184,0.9909597039222717,0.004254771396517754,0.9125924110412598,0.004243752919137478,0.9128187894821167,-1.1018477380275726e-05,0.0002263784408569336,True,True,True,,,-0.224550288479697*sqrt(1 - 0.556473085698861*(-x_2 - 0.00309780796310292)**2) + 1.39592099189758*tan(0.115336373823459*sin(4.77135992050171*x_1 + 9.40847969055176) - 0.836352977465275*cos(0.968480050563812*x_2 - 0.00200000405311584) + 6.99107062544536) + 0.388651356101036,-0.22455*sqrt(1 - 0.556473*(-x_2 - 0.00309781)**2) + 1.39592*tan(0.115336*sin(4.77136*x_1 + 9.40848) - 0.836353*cos(0.96848*x_2 - 0.002) + 6.99107) + 0.388651,0.140529945492744*tan(11.2943833680441 - 11.100877104397*exp(-0.0399999952316286*(-x_2 - 1.19209296656209e-6)**2)) + 1.12220096588135*asin(0.143858537077904*cos(4.77500009536743*x_1 + 1.54999995231628) + 2.91362448781729 - 3.06131207942963*exp(-0.160000004768372*(x_2 - 5.96046438872122e-7)**2)) + 0.122190855443478,0.14053*tan(11.2944 - 11.1009*exp(-0.04*(-x_2 - 1.19209e-6)**2)) + 1.1222*asin(0.143859*cos(4.775*x_1 + 1.55) + 2.91362 - 3.06131*exp(-0.16*(x_2 - 5.96046e-7)**2)) + 0.122191
poly_cubic,3,synthetic,synthetic_formula,,,,,,{},2,"[[2, 0], [3, 0], [1, 0]]","[""__FULL_SYMBOLIC_LIB__""]",3,0.00045743375085294247,0.9907188162704574,0.1,0.75,True,,False,poly_cubic_seed3_ed7d95e6eb11dc9a,outputs\teacher_cache_stage20_quality_10seeds\poly_cubic_seed3_ed7d95e6eb11dc9a,readwrite,miss_write,1.5013595323586257,1.4457136830376927,3.9837323129177094e-07,-9.42964106798172e-07,0.4,0.011976472800597548,0.011911199893802404,2.2249409849755466,0.5488652000000229,0.06458390000000236,0.6418984000000023,8.740329900000006,8.098431500000004,13.616375893755109,0.0035350744146853685,1.8472783267498016e-05,0.0035166016314178705,0.0035350744146853685,0.00045743375085294247,0.9907188415527344,0.004417833406478167,0.9103635549545288,0.0044330270029604435,0.9100553393363953,1.5193596482276917e-05,-0.0003082156181335449,True,True,True,,,0.154866978526115*tan(0.494412390840769*(-x_2 - 0.0330212782755835)**2 + 9.64691682307299) - 1.28141915798187*tan(0.119087906749193*cos(4.73679971694946*x_1 - 1.57415986061096) + 0.923274427953125*cos(0.933760046958923*x_2 - 0.00792000163346529) - 7.06445324128333) + 0.131769418716431,0.154867*tan(0.494412*(-x_2 - 0.0330213)**2 + 9.64692) - 1.28142*tan(0.119088*cos(4.7368*x_1 - 1.57416) + 0.923274*cos(0.93376*x_2 - 0.00792) - 7.06445) + 0.131769,-0.24373280858825*sqrt(1 - 0.650991008172773*(-x_2 - 0.0329670721948195)**2) + 1.35621511936188*tan(0.35781074638161*(0.0142856325422015 - x_2)**2 - 0.112632121150975*sin(4.75*x_1 + 2.38418579101562e-7) + 3.01526275139105) + 0.402063250541687,-0.243733*sqrt(1 - 0.650991*(-x_2 - 0.0329671)**2) + 1.35622*tan(0.357811*(0.0142856 - x_2)**2 - 0.112632*sin(4.75*x_1 + 2.38419e-7) + 3.01526) + 0.402063
poly_cubic,4,synthetic,synthetic_formula,,,,,,{},2,"[[2, 0], [3, 0], [1, 0]]","[""__FULL_SYMBOLIC_LIB__""]",3,0.00019440159667283297,0.9957678130114151,0.1,0.75,True,,False,poly_cubic_seed4_dd60b65a6b33c7c1,outputs\teacher_cache_stage20_quality_10seeds\poly_cubic_seed4_dd60b65a6b33c7c1,readwrite,miss_write,1.765905506221662,1.6545376975374277,6.566755473613739e-06,4.064524546265602e-06,0.16666666666666666,0.011769584147259593,0.011842052452266216,3.650023286541303,0.5775830000000042,0.07731000000001131,0.6867689999999698,9.302383899999995,8.615614900000026,13.545142398681952,0.0031325381714850664,0.00019254046492278576,0.0029399977065622807,0.0031325381714850664,0.00019440159667283297,0.9957678318023682,0.0033268339466303587,0.9275737404823303,0.003516562283039093,0.9234432578086853,0.00018972833640873432,-0.0041304826736450195,True,True,True,,,-0.0731404572725296*tan(-0.0373743934493406*(-x_2 - 0.0331652884314968)**2 + 0.00124971219178437*cos(7.66767978668213*x_1 + 7.98439979553223) + 8.02910146096041) - 1.33773040771484*tan(0.111003287072232*sin(4.75008010864258*x_1 - 0.00720000267028809) + 0.970915990521995*cos(0.879840135574341*x_2 - 0.00864000059664249) - 7.1328104757431) - 0.260403797030449,-0.0731405*tan(-0.0373744*(-x_2 - 0.0331653)**2 + 0.00124971*cos(7.66768*x_1 + 7.9844) + 8.0291) - 1.33773*tan(0.111003*sin(4.75008*x_1 - 0.0072) + 0.970916*cos(0.87984*x_2 - 0.00864) - 7.13281) - 0.260404,-1.34503936767578*tan(-0.353990215497955*(0.0102040230458313 - x_2)**2 + 0.110475401499883*sin(4.75*x_1 + 2.38418579101562e-7) + 0.130745057493245) - 0.237869113683701*tan(0.58172337614258*cos(1.0*x_2 + 0.0500001907348633) - 4.28751297907083 + 0.0123083263402185*exp(-25.0*(0.6 - x_1)**2)) + 0.0189051777124405,-1.34504*tan(-0.35399*(0.010204 - x_2)**2 + 0.110475*sin(4.75*x_1 + 2.38419e-7) + 0.130745) - 0.237869*tan(0.581723*cos(1.0*x_2 + 0.0500002) - 4.28751 + 0.0123083*exp(-25.0*(0.6 - x_1)**2)) + 0.0189052
poly_cubic,5,synthetic,synthetic_formula,,,,,,{},2,"[[2, 0], [3, 0], [1, 0]]","[""__FULL_SYMBOLIC_LIB__""]",3,0.0002636946155689657,0.9942832128569066,0.1,0.75,True,,False,poly_cubic_seed5_31c2e1fa1b555b47,outputs\teacher_cache_stage20_quality_10seeds\poly_cubic_seed5_31c2e1fa1b555b47,readwrite,miss_write,1.6286629650425415,1.5070595558028261,2.3283064365386963e-10,0.0,0.16666666666666666,0.011283408151939511,0.011397789232432842,2.2471361191322408,0.5667061999999987,0.08363810000003014,0.6828050000000303,9.540593900000033,8.857788900000003,13.97264797416482,0.0029163274448364973,0.00019885716028511524,0.002717470284551382,0.0029163274448364973,0.0002636946155689657,0.9942831993103027,0.0030945059843361378,0.9329124093055725,0.0032800035551190376,0.9288909435272217,0.00018549757078289986,-0.00402146577835083,True,True,True,,,0.212295532226562*tan(0.385517359021194*(-x_2 - 0.03187203070471)**2 + 0.0145119558013523*cos(7.82272005081177*x_1 - 1.40519964694977) + 0.331956513855234) + 1.04085922241211*asin(0.138420455057145*sin(4.75863981246948*x_1 - 9.39896011352539) - 1.01617777850119*cos(0.980560004711151*x_2 - 0.0078400019556284) + 0.801166754570801) + 0.140140693634748,0.212296*tan(0.385517*(-x_2 - 0.031872)**2 + 0.014512*cos(7.82272*x_1 - 1.4052) + 0.331957) + 1.04086*asin(0.13842*sin(4.75864*x_1 - 9.39896) - 1.01618*cos(0.98056*x_2 - 0.00784) + 0.801167) + 0.140141,0.221622213721275*tan(0.350159098915586*(-x_2 - 0.0317460856590245)**2 + 3.54026124412122 - 0.0203347312487567*exp(-25.0*(0.590000009536743 - x_1)**2)) - 1.07278966903687*acos(0.44258283439558*(0.0111110475328234 - x_2)**2 - 0.134583123028278*cos(4.75*x_1 - 1.54999995231628) - 0.193612523376942) + 1.7928921431303,0.221622*tan(0.350159*(-x_2 - 0.0317461)**2 + 3.54026 - 0.0203347*exp(-25.0*(0.59 - x_1)**2)) - 1.07279*acos(0.442583*(0.011111 - x_2)**2 - 0.134583*cos(4.75*x_1 - 1.55) - 0.193613) + 1.79289
poly_cubic,6,synthetic,synthetic_formula,,,,,,{},2,"[[2, 0], [3, 0], [1, 0]]","[""__FULL_SYMBOLIC_LIB__""]",3,0.0005207167705520988,0.9899741602098024,0.1,0.75,True,,False,poly_cubic_seed6_4f7e016ec4ae4a99,outputs\teacher_cache_stage20_quality_10seeds\poly_cubic_seed6_4f7e016ec4ae4a99,readwrite,miss_write,1.622802965285552,1.4618132007385098,9.752623736858368e-05,0.00013402290642261505,0.4,0.013006304856389761,0.013052660506218672,4.0203137457370755,0.465843800000016,0.07799800000003643,0.576070800000025,8.045399000000032,7.469328200000007,13.96598994429102,0.0037459437735378742,-5.252473056316376e-05,0.003798468504101038,0.0037459437735378742,0.0005207167705520988,0.9899741411209106,0.005035236477851868,0.9030519723892212,0.004953410942107439,0.9046274423599243,-8.182553574442863e-05,0.001575469970703125,True,True,True,,,-1.49809539318085*acos(-0.109401269258685*cos(4.74991989135742*x_1 - 1.59063994884491) + 5.20140238027604 - 5.2787750487355*exp(-0.0633427107039921*(0.0162111068870329 - x_2)**2)) + 2.25126941502094 + 0.205692966364796/(1 - 0.18132914736376*(-x_2 - 0.0570374061226852)**2)**2,-1.4981*acos(-0.109401*cos(4.74992*x_1 - 1.59064) + 5.2014 - 5.27878*exp(-0.0633427*(0.0162111 - x_2)**2)) + 2.25127 + 0.205693/(1 - 0.181329*(-x_2 - 0.0570374)**2)**2,1.47845566272736*acos(-0.110838299320974*cos(4.75*x_1 + 1.54999995231628) + 0.865897669822715*cos(0.899999976158142*x_2 + 2.38418579101562e-7) - 0.784571605090974) - 2.42488192021847 + 0.209225612213131/(0.179170964735569*(x_2 + 0.0555555555555556)**2 - 1)**2,1.47846*acos(-0.110838*cos(4.75*x_1 + 1.55) + 0.865898*cos(0.9*x_2 + 2.38419e-7) - 0.784572) - 2.42488 + 0.209226/(0.179171*(x_2 + 0.0555556)**2 - 1)**2
poly_cubic,7,synthetic,synthetic_formula,,,,,,{},2,"[[2, 0], [3, 0], [1, 0]]","[""__FULL_SYMBOLIC_LIB__""]",3,0.0002268898388138041,0.9950156789327201,0.1,0.75,True,,False,poly_cubic_seed7_b666e34557695029,outputs\teacher_cache_stage20_quality_10seeds\poly_cubic_seed7_b666e34557695029,readwrite,miss_write,1.963616614032763,1.7801941416289127,0.0,0.0,0.0,0.012147129513323307,0.012096124701201916,4.142612628017862,1.6353837999999996,0.30249249999991434,2.0561380999999983,12.3429668,10.286828700000001,6.002985305315829,0.003446056507527828,0.00018313666805624962,0.0032629198394715786,0.003446056507527828,0.0002268898388138041,0.9950156807899475,0.003761967411264777,0.9173570275306702,0.003942226059734821,0.9133970737457275,0.00018025864847004414,-0.003959953784942627,True,True,True,,,0.0401576869189739*tan(0.0253453147270706*(-x_2 - 0.0252373828595129)**2 - 0.000928825200602196*cos(7.73912000656128*x_1 - 4.58616018295288) + 4.59206403574703) + 1.14546895027161*asin(0.140207333246309*cos(4.77816009521484*x_1 + 1.5887998342514) - 1.01516836672181*cos(0.956000030040741*x_2 - 0.00552000571042299) + 0.82787819870137) - 0.124730661511421,0.0401577*tan(0.0253453*(-x_2 - 0.0252374)**2 - 0.000928825*cos(7.73912*x_1 - 4.58616) + 4.59206) + 1.14547*asin(0.140207*cos(4.77816*x_1 + 1.5888) - 1.01517*cos(0.956*x_2 - 0.00552001) + 0.827878) - 0.124731,0.102599829435349*tan(0.0687221872725871*(-x_2 - 0.0253164991509583)**2 + 4.39191610712314 - 0.00344820598076545*exp(-25.0*(0.6 - x_1)**2)) - 1.62475001811981*atanh(0.0989322364330292*cos(4.77500009536743*x_1 - 1.54999995231628) + 0.601791083812714*cos(1.04999995231628*x_2 + 2.38418579101562e-7) - 0.470658026635647) - 0.103445947170258,0.1026*tan(0.0687222*(-x_2 - 0.0253165)**2 + 4.39192 - 0.00344821*exp(-25.0*(0.6 - x_1)**2)) - 1.62475*atanh(0.0989322*cos(4.775*x_1 - 1.55) + 0.601791*cos(1.05*x_2 + 2.38419e-7) - 0.470658) - 0.103446
poly_cubic,8,synthetic,synthetic_formula,,,,,,{},2,"[[2, 0], [3, 0], [1, 0]]","[""__FULL_SYMBOLIC_LIB__""]",3,0.0002437144867144525,0.9954725594562263,0.1,0.75,True,,False,poly_cubic_seed8_94b688de2cf210ef,outputs\teacher_cache_stage20_quality_10seeds\poly_cubic_seed8_94b688de2cf210ef,readwrite,miss_write,1.6893056645768454,1.558703867782119,8.25570896267891e-06,8.075498044490814e-06,0.3333333333333333,0.012316747568547726,0.012302440591156483,4.9395237391193705,1.7110562999999956,0.2958452999999963,2.12432339999998,20.33449029999997,18.21016689999999,9.57221970063511,0.003974628634750843,9.119091555476189e-05,0.003883437719196081,0.003974628634750843,0.0002437144867144525,0.9954725503921509,0.004386741667985916,0.9185082912445068,0.00445693451911211,0.9172043204307556,7.0192851126194e-05,-0.0013039708137512207,True,True,True,,,0.956524968147278*asin(-0.172712566154607*cos(4.76160001754761*x_1 - 1.59431993961334) + 1.06125148613245*cos(1.00015997886658*x_2 + 9.41199970245361) + 0.848976452829108) - 0.0163339525461197 + 0.214517014294815/(-0.132798392498268*(-x_2 - 0.0495675270343091)**2 + 0.00521834803245887*cos(7.73591995239258*x_1 + 7.99911975860596) + 1)**3,0.956525*asin(-0.172713*cos(4.7616*x_1 - 1.59432) + 1.06125*cos(1.00016*x_2 + 9.412) + 0.848976) - 0.016334 + 0.214517/(-0.132798*(-x_2 - 0.0495675)**2 + 0.00521835*cos(7.73592*x_1 + 7.99912) + 1)**3,0.109774440526962*tan(0.080352249821309*(x_2 + 0.05)**2 + 0.000190826845870567*tan(1.54999995231628*x_1 + 2.38418579101562e-7) + 4.38792824950707) + 1.44503688812256*atanh(0.114879478240166*cos(4.75*x_1 + 1.54999995231628) - 0.643399737128362*cos(1.04999995231628*x_2 + 2.38418579101562e-7) + 0.511356173351704) - 0.141749322414398,0.109774*tan(0.0803522*(x_2 + 0.05)**2 + 0.000190827*tan(1.55*x_1 + 2.38419e-7) + 4.38793) + 1.44504*atanh(0.114879*cos(4.75*x_1 + 1.55) - 0.6434*cos(1.05*x_2 + 2.38419e-7) + 0.511356) - 0.141749
poly_cubic,9,synthetic,synthetic_formula,,,,,,{},2,"[[2, 0], [3, 0], [1, 0]]","[""__FULL_SYMBOLIC_LIB__""]",3,0.0002868794836103916,0.9945383497473677,0.1,0.75,True,,False,poly_cubic_seed9_a7ffcafe109c0bae,outputs\teacher_cache_stage20_quality_10seeds\poly_cubic_seed9_a7ffcafe109c0bae,readwrite,miss_write,1.718442619540402,1.5953751253488224,1.1280644685029984e-06,3.0798837542533875e-06,0.16666666666666666,0.012443566462025046,0.012607015203684568,2.3821500316262245,1.7184831000000145,0.26860859999993636,2.0984439000000066,20.47533980000003,18.376895900000022,9.757392037023227,0.003714164951816201,0.00022455607540905476,0.0034896088764071465,0.003714164951816201,0.0002868794836103916,0.9945383667945862,0.004075462929904461,0.922410786151886,0.0042918832041323185,0.9182905554771423,0.0002164202742278576,-0.004120230674743652,True,True,True,,,-0.0522338710725307*tan(-0.0377593521883983*(-x_2 - 0.0300216220084672)**2 + 0.00144031540623538*sin(7.81576013565063*x_1 - 2.98959970474243) + 4.87614415634558) - 1.12495148181915*asin(0.139897517559554*cos(4.75008010864258*x_1 - 1.58127987384796) + 0.990633397363645*cos(0.971520006656647*x_2 - 0.00808000098913908) - 0.794508257734429) - 0.103425949811935,-0.0522339*tan(-0.0377594*(-x_2 - 0.0300216)**2 + 0.00144032*sin(7.81576*x_1 - 2.9896) + 4.87614) - 1.12495*asin(0.139898*cos(4.75008*x_1 - 1.58128) + 0.990633*cos(0.97152*x_2 - 0.00808) - 0.794508) - 0.103426,-1.14615654945374*asin(-0.428426593696618*(0.00999994277954102 - x_2)**2 + 0.137343928859167*sin(4.75*x_1 + 2.38418579101562e-7) + 0.189618188958193) - 0.0195876061916351 + 0.23278248813269/(0.159625641854135*(-x_2 - 0.0300000369548798)**2 - 1 - 0.00847096550904437*exp(-25.0*(0.590000009536743 - x_1)**2))**2,-1.14616*asin(-0.428427*(0.00999994 - x_2)**2 + 0.137344*sin(4.75*x_1 + 2.38419e-7) + 0.189618) - 0.0195876 + 0.232782/(0.159626*(-x_2 - 0.03)**2 - 1 - 0.00847097*exp(-25.0*(0.59 - x_1)**2))**2
trig_interaction,0,synthetic,synthetic_formula,,,,,,{},3,"[[3, 0], [4, 0], [1, 0]]","[""__FULL_SYMBOLIC_LIB__""]",5,0.003960059955716133,0.9947484112480256,0.1,0.75,True,,False,trig_interaction_seed0_ef68a7c913059c2b,outputs\teacher_cache_stage20_quality_10seeds\trig_interaction_seed0_ef68a7c913059c2b,readwrite,miss_write,2.2442148411866487,1.7616700897277267,3.6747194826602936e-05,-3.711879253387451e-05,0.35714285714285715,0.10271644010208547,0.10066131874918938,5.3315960594585965,2.978829200000007,1.5713059999999928,4.889191199999971,47.2038675,42.31467630000003,9.654739520107187,0.0037362633738666773,-0.00010546110570430756,0.003841724479570985,0.0037362633738666773,0.003960059955716133,0.9947484135627747,0.00879950076341629,0.9883306622505188,0.008564282208681107,0.9886425733566284,-0.00023521855473518372,0.00031191110610961914,True,True,True,,,1.15661859512329*sin(0.237990993899359*cos(3.78512001037598*x_1 - 8.0054407119751) + 0.422880668452578*cos(3.12304019927979*x_2 - 0.000320000573992729) - 0.0236923633735335*tanh(3.81647992134094*x_3 - 1.79055976867676) + 6.2638814471119) + 0.432284623384476*cos(1.19944832250511*sin(2.55527997016907*x_1 - 9.41055965423584) + 0.865453848548924*atan(1.97728002071381*x_3 - 1.59903991222382) - 5.31193650890156) + 0.342726849019527 - 1.38998007774353*exp(-2.75346584939415*(-atan(0.413119614124298*x_3 - 0.878880083560944) - 0.474229702294225 - 0.857093325775791*exp(-1.66802298535208*(0.536484318148002 - x_1)**2) - 0.063391007960305*exp(-0.95820603128573*(0.0333442028228786 - x_2)**2))**2) + 0.680914759635925*exp(-2.41755474541513*(0.683322108783779*sin(2.3058397769928*x_1 + 8.97535991668701) - 0.210720271900153 + exp(-0.611023137577437*(1 - 0.814144198186895*x_3)**2))**2),1.15662*sin(0.237991*cos(3.78512*x_1 - 8.00544) + 0.422881*cos(3.12304*x_2 - 0.000320001) - 0.0236924*tanh(3.81648*x_3 - 1.79056) + 6.26388) + 0.432285*cos(1.19945*sin(2.55528*x_1 - 9.41056) + 0.865454*atan(1.97728*x_3 - 1.59904) - 5.31194) + 0.342727 - 1.38998*exp(-2.75347*(-atan(0.41312*x_3 - 0.87888) - 0.47423 - 0.857093*exp(-1.66802*(0.536484 - x_1)**2) - 0.063391*exp(-0.958206*(0.0333442 - x_2)**2))**2) + 0.680915*exp(-2.41755*(0.683322*sin(2.30584*x_1 + 8.97536) - 0.21072 + exp(-0.611023*(1 - 0.814144*x_3)**2))**2),1.15637862682343*cos(0.0309412890612369*(-x_3 - 0.273972595581353)**3 - 0.238220446533187*sin(3.79999995231628*x_1 + 3.0) + 0.424732480935699*cos(3.09999990463257*x_2 + 2.38418579101562e-7) - 1.57867438176215) - 0.451349146664143 - 1.40684700012207*exp(-9.69064930897007*(0.0215593501583658*(0.0322579946362486 - x_2)**2 - atan(0.450000047683716*x_3 - 1.64999997615814) - 0.932963978002312 - 0.446479329922755*exp(-1.68999987602234*(0.538461549042245 - x_1)**2))**2) + 1.24025249481201*exp(-0.243538038040968*(-cos(2.54999995231628*x_1 - 1.54999995231628) + 0.711390425333848*atan(2.0*x_3 - 1.60000002384186) + 0.806166268564184)**2) + 0.686772346496582*exp(-2.2847301630922*(-0.693875921058832*sin(2.29999995231628*x_1 - 3.59999990463257) + 0.205461805455129 - exp(-0.63999954223641*(1 - 0.812500260770414*x_3)**2))**2),1.15638*cos(0.0309413*(-x_3 - 0.273973)**3 - 0.23822*sin(3.8*x_1 + 3.0) + 0.424732*cos(3.1*x_2 + 2.38419e-7) - 1.57867) - 0.451349 - 1.40685*exp(-9.69065*(0.0215594*(0.032258 - x_2)**2 - atan(0.45*x_3 - 1.65) - 0.932964 - 0.446479*exp(-1.69*(0.538462 - x_1)**2))**2) + 1.24025*exp(-0.243538*(-cos(2.55*x_1 - 1.55) + 0.71139*atan(2.0*x_3 - 1.6) + 0.806166)**2) + 0.686772*exp(-2.28473*(-0.693876*sin(2.3*x_1 - 3.6) + 0.205462 - exp(-0.64*(1 - 0.8125*x_3)**2))**2)
trig_interaction,1,synthetic,synthetic_formula,,,,,,{},3,"[[3, 0], [4, 0], [1, 0]]","[""__FULL_SYMBOLIC_LIB__""]",5,0.0011707460507750511,0.998112864121399,0.1,0.75,True,,False,trig_interaction_seed1_a8943f1ebcd402fc,outputs\teacher_cache_stage20_quality_10seeds\trig_interaction_seed1_a8943f1ebcd402fc,readwrite,miss_write,0.7512829904903112,0.513607982205034,0.0019004452042281628,0.001985402312129736,0.5625,0.06708773737773299,0.06809390475973487,2.0975082289005513,3.217385499999864,2.1625023000000283,5.836482499999988,54.066647099999955,48.230164599999966,9.263567071433876,0.006691324058920145,-0.0015780818648636341,0.00826940592378378,0.006691324058920145,0.0011707460507750511,0.9981128573417664,0.008301958441734314,0.9866179823875427,0.006753301713615656,0.9891142845153809,-0.001548656728118658,0.0024963021278381348,True,True,True,,,-0.480719000101089*sin(-1.29192830397591*cos(2.3361599445343*x_1 + 8.21959972381592) + 0.146559212264505*cos(3.99855971336365*x_2 + 6.20975971221924) + 0.598690791229682*tan(0.911920070648193*x_3 - 2.95967984199524) + 8.22443692361818) + 0.509574890136719*sin(1.15765402211275*cos(2.4554398059845*x_1 + 7.80159997940063) - 0.1209646983311*cos(1.99600005149841*x_2 - 6.39271974563599) + 1.1600694122053*atan(1.22199976444244*x_3 - 0.884719848632812) + 2.55528498148009) + 0.501070633530617 + 0.908861875534058*exp(-5.13029506473144*(-0.233051262307834*cos(1.4924795627594*x_3 + 1.77407968044281) - 0.147441077080259 + exp(-1.84307671750106*(-x_1 - 0.398408912038429)**2) - 0.0932319107690456*exp(-1.5469383190033*(0.0521000474628964 - x_2)**2))**2) - 1.91076993942261*exp(-0.448194133148408*(0.288001192749515*sin(3.5479199886322*x_1 + 9.78551959991455) + 0.0932117075193859*cos(1.97072005271912*x_3 - 4.58991956710815) - 0.69037404496083 - exp(-2.57204576820369*(-x_2 - 0.00663440786853023)**2))**2),-0.480719*sin(-1.29193*cos(2.33616*x_1 + 8.2196) + 0.146559*cos(3.99856*x_2 + 6.20976) + 0.598691*tan(0.91192*x_3 - 2.95968) + 8.22444) + 0.509575*sin(1.15765*cos(2.45544*x_1 + 7.8016) - 0.120965*cos(1.996*x_2 - 6.39272) + 1.16007*atan(1.222*x_3 - 0.88472) + 2.55528) + 0.501071 + 0.908862*exp(-5.1303*(-0.233051*cos(1.49248*x_3 + 1.77408) - 0.147441 + exp(-1.84308*(-x_1 - 0.398409)**2) - 0.0932319*exp(-1.54694*(0.0521 - x_2)**2))**2) - 1.91077*exp(-0.448194*(0.288001*sin(3.54792*x_1 + 9.78552) + 0.0932117*cos(1.97072*x_3 - 4.58992) - 0.690374 - exp(-2.57205*(-x_2 - 0.00663441)**2))**2),-0.265368717269257*(0.149980994123445*(0.0379746016010502 - x_2)**2 + 0.969021016679577*cos(2.45000004768372*x_1 + 1.5) + atan(1.20000004768372*x_3 - 0.899999737739563) + 0.746053859313717)**2 + 0.443991333246231*sin(-0.895950005529492*cos(1.5*x_3 - 4.5) + 0.0633626041931259*Abs(5.0*x_2 - 0.300000011920929) + 0.640061974004913 + 3.8385289037798*exp(-1.82250006437302*(-x_1 - 0.407407364891063)**2)) - 1.12464439868927*atan(0.280941810366457*sin(3.54999995231628*x_1 + 3.5) + 0.430265439878625*sin(3.20000004768372*x_2 - 1.54999995231628) - 0.266847144987468 + 0.190814647353733*exp(-1.21000005245209*(-x_3 - 0.818181778773789)**2)) + 0.929211586713791 - 1.14922595024109*exp(-1.74263790174818*(0.0528702742249403*sin(4.0*x_2 + 1.5) + 0.218960139002079*tan(0.899999976158142*x_3 - 2.95000004768372) - 0.387536601920044 + exp(-1.5625*(0.519999980926514 - x_1)**2))**2),-0.265369*(0.149981*(0.0379746 - x_2)**2 + 0.969021*cos(2.45*x_1 + 1.5) + atan(1.2*x_3 - 0.9) + 0.746054)**2 + 0.443991*sin(-0.89595*cos(1.5*x_3 - 4.5) + 0.0633626*Abs(5.0*x_2 - 0.3) + 0.640062 + 3.83853*exp(-1.8225*(-x_1 - 0.407407)**2)) - 1.12464*atan(0.280942*sin(3.55*x_1 + 3.5) + 0.430265*sin(3.2*x_2 - 1.55) - 0.266847 + 0.190815*exp(-1.21*(-x_3 - 0.818182)**2)) + 0.929212 - 1.14923*exp(-1.74264*(0.0528703*sin(4.0*x_2 + 1.5) + 0.21896*tan(0.9*x_3 - 2.95) - 0.387537 + exp(-1.5625*(0.52 - x_1)**2))**2)
trig_interaction,2,synthetic,synthetic_formula,,,,,,{},3,"[[3, 0], [4, 0], [1, 0]]","[""__FULL_SYMBOLIC_LIB__""]",5,0.006734043825417757,0.9898368908809849,0.1,0.75,True,,False,trig_interaction_seed2_8c7cc007cfa5deec,outputs\teacher_cache_stage20_quality_10seeds\trig_interaction_seed2_8c7cc007cfa5deec,readwrite,miss_write,2.3737781969419225,1.9044503026804218,0.0020026150159537792,0.003441033884882927,0.4666666666666667,0.05544018326327205,0.0582610908895731,4.926602117096384,0.9311648000000332,0.41809870000008686,1.4400997999999845,21.21774759999994,19.777647799999954,14.733525829251672,0.004159365314990282,-0.0009380131959915161,0.005097378510981798,0.004159365314990282,0.006734043825417757,0.9898368716239929,0.011712239123880863,0.9823237061500549,0.010259894654154778,0.9845156073570251,-0.0014523444697260857,0.002191901206970215,True,True,True,,,0.403437942266464*atan(0.672081475787444 - 2.01297037519173*exp(-2.99013307140291*(-x_1 - 0.363358740104327)**2) - 1.29681499091538*exp(-0.734654349255436*(0.550214275521617 - x_3)**2) + 1.09893436311437*exp(-1.08859983017693*(0.0351172849605768 - x_2)**2)) - 0.987629413604736*atan(0.221159157572166*cos(3.42576003074646*x_1 + 1.60887980461121) - 0.068491804156674*atan(2.65039992332458*x_3 + 1.03999996185303) + 0.331474976751473 - 0.95627378693365*exp(-2.88374756322584*(-x_2 - 0.0088566418061271)**2)) - 0.316603742539883 - 1.21147167682648*exp(-2.07397808021275*(-0.0211088980420641*cos(4.29160022735596*x_2 - 6.20447969436646) - 0.313627258078746*atan(1.21167981624603*x_3 - 0.52159982919693) + 0.219130527397721 - exp(-1.11936393340683*(0.549111411901121 - x_1)**2))**2) + 1.47798323631287*exp(-1.97760535598061*(0.602279836497859*atan(0.797759711742401*x_3 - 0.778319656848907) - 0.0351355353676609 + exp(-1.28251073767984*(-x_1 - 0.606103466025539)**2))**2),0.403438*atan(0.672081 - 2.01297*exp(-2.99013*(-x_1 - 0.363359)**2) - 1.29681*exp(-0.734654*(0.550214 - x_3)**2) + 1.09893*exp(-1.0886*(0.0351173 - x_2)**2)) - 0.987629*atan(0.221159*cos(3.42576*x_1 + 1.60888) - 0.0684918*atan(2.6504*x_3 + 1.04) + 0.331475 - 0.956274*exp(-2.88375*(-x_2 - 0.00885664)**2)) - 0.316604 - 1.21147*exp(-2.07398*(-0.0211089*cos(4.2916*x_2 - 6.20448) - 0.313627*atan(1.21168*x_3 - 0.5216) + 0.219131 - exp(-1.11936*(0.549111 - x_1)**2))**2) + 1.47798*exp(-1.97761*(0.60228*atan(0.79776*x_3 - 0.77832) - 0.0351355 + exp(-1.28251*(-x_1 - 0.606103)**2))**2),0.843556642532349*sin(0.49394519199091*sin(3.29999995231628*x_2 - 1.54999995231628) - 0.255140253082249*cos(3.45000004768372*x_1 - 1.54999995231628) - 0.341696052619767*cos(0.600000023841858*x_3 - 0.549999952316284) + 3.16925706754643) + 0.511679470539093*cos(0.0637093009071643*sin(4.30000019073486*x_2 - 1.5) + 0.443314256826724*Abs(4.80000019073486*x_1 - 2.70000004768372) - 0.945344838248147*atan(1.19999980926514*x_3 - 0.5) + 0.538995261002935) - 1.52010059356689 + 0.831117689609528*exp(-1.17986479299719*(-0.21735818600165*sin(2.29999995231628*x_2 + 1.5) - 0.0972223168792994*Abs(4.0*x_3 - 2.20000004768372) + 0.741175041713495 + exp(-3.0625*(-x_1 - 0.371428557804653)**2))**2) + 1.50806963443756*exp(-0.403083122135576*(0.754966942232999*(0.169491522684073*x_3 + 1)**5 + cos(2.04999995231628*x_1 - 4.97499990463257) - 0.555802973728395)**2),0.843557*sin(0.493945*sin(3.3*x_2 - 1.55) - 0.25514*cos(3.45*x_1 - 1.55) - 0.341696*cos(0.6*x_3 - 0.55) + 3.16926) + 0.511679*cos(0.0637093*sin(4.3*x_2 - 1.5) + 0.443314*Abs(4.8*x_1 - 2.7) - 0.945345*atan(1.2*x_3 - 0.5) + 0.538995) - 1.5201 + 0.831118*exp(-1.17986*(-0.217358*sin(2.3*x_2 + 1.5) - 0.0972223*Abs(4.0*x_3 - 2.2) + 0.741175 + exp(-3.0625*(-x_1 - 0.371429)**2))**2) + 1.50807*exp(-0.403083*(0.754967*(0.169492*x_3 + 1)**5 + cos(2.05*x_1 - 4.975) - 0.555803)**2)
trig_interaction,3,synthetic,synthetic_formula,,,,,,{},3,"[[3, 0], [4, 0], [1, 0]]","[""__FULL_SYMBOLIC_LIB__""]",5,0.0027898382395505905,0.9961771558979466,0.1,0.75,True,,False,trig_interaction_seed3_6029611a5204312b,outputs\teacher_cache_stage20_quality_10seeds\trig_interaction_seed3_6029611a5204312b,readwrite,miss_write,2.3191256607139445,1.8342910559813972,0.0001438420731574297,0.00025268271565437317,0.5333333333333333,0.055915586184710264,0.056673905812203884,3.4799274573723475,0.9634841000000733,0.45806960000027175,1.5164793999999802,22.045022700000004,20.528543300000024,14.53697471920838,0.002408870030194521,0.00037914887070655823,0.0020297211594879627,0.002408870030194521,0.0027898382395505905,0.9961771368980408,0.004028203897178173,0.9944802522659302,0.004625835455954075,0.9936613440513611,0.0005976315587759018,-0.0008189082145690918,True,True,True,,,0.345704704523087*sin(0.225066631679265*sin(2.58543992042542*x_2 + 1.59839987754822) + 0.798026636577291*sin(1.82047975063324*x_3 + 6.78431987762451) + 3.92580778958256 + 3.21785647935826*exp(-1.18775108458067*(0.41106916904391 - x_1)**2)) - 1.36600208282471*atan(0.370868031118796*sin(3.02759981155396*x_2 - 1.57255983352661) - 0.222666281767481*cos(3.50415992736816*x_1 - 1.99712002277374) + 0.254765185080004*atan(0.511199772357941*x_3 + 0.198479801416397) + 0.196755256791355) + 0.489242799580097 + 1.18062973022461*exp(-2.60062531012037*(-0.0756450513676956*cos(1.32183969020844*x_2 - 0.00496000610291958) - 0.500902033681643*acos(0.558159470558167*x_3 + 0.133039861917496) + 0.42691500663745 + exp(-1.38956912792452*(-x_1 - 0.555615923159148)**2))**2) - 1.26441526412964*exp(-1.3441198283694*(0.537781507047609 - 0.632713435605513*exp(-2.49589387464722*(1 - 0.876037914510275*x_3)**2) - exp(-1.43980757402529*(0.560037412361657 - x_1)**2))**2),0.345705*sin(0.225067*sin(2.58544*x_2 + 1.5984) + 0.798027*sin(1.82048*x_3 + 6.78432) + 3.92581 + 3.21786*exp(-1.18775*(0.411069 - x_1)**2)) - 1.366*atan(0.370868*sin(3.0276*x_2 - 1.57256) - 0.222666*cos(3.50416*x_1 - 1.99712) + 0.254765*atan(0.5112*x_3 + 0.19848) + 0.196755) + 0.489243 + 1.18063*exp(-2.60063*(-0.0756451*cos(1.32184*x_2 - 0.00496001) - 0.500902*acos(0.558159*x_3 + 0.13304) + 0.426915 + exp(-1.38957*(-x_1 - 0.555616)**2))**2) - 1.26442*exp(-1.34412*(0.537782 - 0.632713*exp(-2.49589*(1 - 0.876038*x_3)**2) - exp(-1.43981*(0.560037 - x_1)**2))**2),0.926362054274731*(0.20267242831136*(1 - 0.322033909263709*x_3)**(3/2) + 0.180484767839727*cos(3.5*x_1 - 2.0) + 0.299416263928952*cos(3.04999995231628*x_2 + 2.38418579101562e-7) + 1)**(3/2) - 0.512051522731781*cos(0.192432664604294*(-x_2 - 4.89063752003205e-8)**2 - 1.6762078598025*acos(0.549999952316284*x_3 + 0.149999678134918) + 4.26513223934198 + 3.32793586469307*exp(-1.32249994516373*(-x_1 - 0.565217382290413)**2)) - 0.3463354408741*cos(0.782990031361251*cos(1.85000002384186*x_3 + 2.04999995231628) + 1.08596866200299 - 0.549623362913159*exp(-1.44000011444092*(-x_2 - 1.98682141356383e-7)**2) - 3.18862184043167*exp(-1.21000005245209*(0.409090916479914 - x_1)**2)) - 0.455750305205584 - 1.20434200763702*exp(-1.40637334318314*(-0.516746226215548 + exp(-1.56249970197679*(x_1 - 0.560000043869023)**2) + 0.647776098842553*exp(-2.56000007629395*(1 - 0.874999972060323*x_3)**2))**2),0.926362*(0.202672*(1 - 0.322034*x_3)**(3/2) + 0.180485*cos(3.5*x_1 - 2.0) + 0.299416*cos(3.05*x_2 + 2.38419e-7) + 1)**(3/2) - 0.512052*cos(0.192433*(-x_2 - 4.89064e-8)**2 - 1.67621*acos(0.55*x_3 + 0.15) + 4.26513 + 3.32794*exp(-1.3225*(-x_1 - 0.565217)**2)) - 0.346335*cos(0.78299*cos(1.85*x_3 + 2.05) + 1.08597 - 0.549623*exp(-1.44*(-x_2 - 1.98682e-7)**2) - 3.18862*exp(-1.21*(0.409091 - x_1)**2)) - 0.45575 - 1.20434*exp(-1.40637*(-0.516746 + exp(-1.5625*(x_1 - 0.56)**2) + 0.647776*exp(-2.56*(1 - 0.875*x_3)**2))**2)
trig_interaction,4,synthetic,synthetic_formula,,,,,,{},3,"[[3, 0], [4, 0], [1, 0]]","[""__FULL_SYMBOLIC_LIB__""]",5,0.0043155718594789505,0.9941184555061469,0.1,0.75,True,,False,trig_interaction_seed4_00c8b8b991defd97,outputs\teacher_cache_stage20_quality_10seeds\trig_interaction_seed4_00c8b8b991defd97,readwrite,miss_write,2.141205203630492,1.7524177230930915,0.0002084097359329462,-0.00028594955801963806,0.38461538461538464,0.06297667138278484,0.07087825331836939,4.608560712363285,0.9012784000001375,0.3801727000002302,1.3670299999999997,19.43705799999998,18.07002799999998,14.218457532021961,0.0028315503150224686,7.594260387122631e-05,0.0027556077111512423,0.0028315503150224686,0.0043155718594789505,0.9941184520721436,0.0053850566036999226,0.9926608800888062,0.005937985144555569,0.9919072985649109,0.0005529285408556461,-0.0007535815238952637,True,True,True,,,1.2226322889328*atan(0.165462458338084*sin(2.9522397518158*x_2 - 4.78983974456787) - 0.163444841909666*cos(3.33439970016479*x_1 + 7.79360008239746) + 0.12841764047171) - 2.1077526807785 + 3.29088354110718*exp(-0.532137671402105*(0.150693889538438*sin(3.23640012741089*x_2 - 7.80584001541138) - 0.137896668561161*cos(3.41295981407166*x_1 - 8.00008010864258) + 1 + 0.0277290561099169*exp(-(0.130879864096642 - 1.0*x_3)**2))**2) - 1.86196482181549*exp(-2.26762471258568*(-atan(0.767999649047852*x_3 - 1.60047936439514) - 0.751400895148561 - 0.667732572640057*exp(-0.89537026530833*(0.597564867226859 - x_1)**2))**2) + 1.91206216812134*exp(-1.97758721362452*(-0.0629979836191049*Abs(7.33887958526611*x_1 + 4.69239950180054) + 0.679251877969442*atan(0.734479665756226*x_3 - 0.939999938011169) + 1)**2),1.22263*atan(0.165462*sin(2.95224*x_2 - 4.78984) - 0.163445*cos(3.3344*x_1 + 7.7936) + 0.128418) - 2.10775 + 3.29088*exp(-0.532138*(0.150694*sin(3.2364*x_2 - 7.80584) - 0.137897*cos(3.41296*x_1 - 8.00008) + 1 + 0.0277291*exp(-(0.13088 - 1.0*x_3)**2))**2) - 1.86196*exp(-2.26762*(-atan(0.768*x_3 - 1.60048) - 0.751401 - 0.667733*exp(-0.89537*(0.597565 - x_1)**2))**2) + 1.91206*exp(-1.97759*(-0.062998*Abs(7.33888*x_1 + 4.6924) + 0.679252*atan(0.73448*x_3 - 0.94) + 1)**2),1.63659739494324*sin(0.0221547013932038*(0.116279064609658 - x_3)**2 - 0.172870740294456*sin(3.40000009536743*x_1 + 3.0) + 0.188839301466942*cos(3.25*x_2 + 0.0500001907348633) - 0.0933768060058355) + 0.760262548923492*cos(8.64425939480248*tanh(0.400000005960464*x_3 - 1.35000002384186) - 0.331091410415983*Abs(4.30000019073486*x_1 + 2.75) + 9.06977193091504) - 1.16241157054901*atan(0.171995182324956*cos(3.34999990463257*x_1 + 1.5) + 0.110162811480216 - 0.403075439554954*exp(-2.10250013828278*(0.0344825601747921 - x_2)**2)) + 1.17238391190767 - 1.93623030185699*exp(-3.38709474659944*(atan(0.850000023841858*x_3 - 2.0) + 0.883953295061406 + 0.544951265518637*exp(-0.809999527931282*(x_1 - 0.611111236207316)**2))**2),1.6366*sin(0.0221547*(0.116279 - x_3)**2 - 0.172871*sin(3.4*x_1 + 3.0) + 0.188839*cos(3.25*x_2 + 0.0500002) - 0.0933768) + 0.760263*cos(8.64426*tanh(0.4*x_3 - 1.35) - 0.331091*Abs(4.3*x_1 + 2.75) + 9.06977) - 1.16241*atan(0.171995*cos(3.35*x_1 + 1.5) + 0.110163 - 0.403075*exp(-2.1025*(0.0344826 - x_2)**2)) + 1.17238 - 1.93623*exp(-3.38709*(atan(0.85*x_3 - 2.0) + 0.883953 + 0.544951*exp(-0.81*(x_1 - 0.611111)**2))**2)
trig_interaction,5,synthetic,synthetic_formula,,,,,,{},3,"[[3, 0], [4, 0], [1, 0]]","[""__FULL_SYMBOLIC_LIB__""]",5,0.0016230863984674215,0.997863139097036,0.1,0.75,True,,False,trig_interaction_seed5_7f577802d027ab52,outputs\teacher_cache_stage20_quality_10seeds\trig_interaction_seed5_7f577802d027ab52,readwrite,miss_write,2.3907381913513275,1.906582710208162,0.0036805891431868076,0.0035004829987883568,0.5,0.06590770976617932,0.06327052973210812,4.659644637256861,1.016365199999882,0.4647823000002518,1.5798188999999638,23.858400899999992,22.27858200000003,15.101984727490308,0.002993516158312559,-0.0028095687739551067,0.005803084932267666,0.002993516158312559,0.0016230863984674215,0.9978631138801575,0.006947896908968687,0.9908528327941895,0.004214176908135414,0.9944518804550171,-0.002733720000833273,0.0035990476608276367,True,True,True,,,-0.614701569080353*sin(0.326733380748081*cos(1.39351963996887*x_2 + 0.00319999177008867) - 1.22603680609657*tan(0.490079551935196*x_3 - 5.72103977203369) + 13.2935707209473 - 3.21169780276833*exp(-(-1.0*x_1 - 0.656000018119812)**2)) - 0.541861891746521*sin(1.23498028984298*atan(0.863759756088257*x_3 - 0.562879800796509) - 5.82389016243793 + 3.48443409880733*exp(-0.638017818292212*(0.570884186609747 - x_1)**2) + 0.357813059085135*exp(-2.54670485255737*(0.00125326579205378 - x_2)**2)) + 0.49330148100853*tan(0.40443299014548*sin(3.34367990493774*x_1 - 6.59711980819702) - 0.0540245343945567*sin(2.63279986381531*x_3 + 7.17159986495972) - 0.318615903372201*cos(3.17944002151489*x_2 - 9.40880012512207) + 0.0796840971608663) - 0.553512156009674*atan(0.643045652158317*sin(2.97791981697083*x_2 - 1.58639991283417) + 1.42641158116191*atan(0.223999798297882*x_3 + 0.174559816718102) - 0.65256759052843 + 1.37025458740418*exp(-3.58087467084403*(-x_1 - 0.3484400208392)**2)) - 0.0890025198459625,-0.614702*sin(0.326733*cos(1.39352*x_2 + 0.00319999) - 1.22604*tan(0.49008*x_3 - 5.72104) + 13.2936 - 3.2117*exp(-(-1.0*x_1 - 0.656)**2)) - 0.541862*sin(1.23498*atan(0.86376*x_3 - 0.56288) - 5.82389 + 3.48443*exp(-0.638018*(0.570884 - x_1)**2) + 0.357813*exp(-2.5467*(0.00125327 - x_2)**2)) + 0.493301*tan(0.404433*sin(3.34368*x_1 - 6.59712) - 0.0540245*sin(2.6328*x_3 + 7.1716) - 0.318616*cos(3.17944*x_2 - 9.4088) + 0.0796841) - 0.553512*atan(0.643046*sin(2.97792*x_2 - 1.5864) + 1.42641*atan(0.224*x_3 + 0.17456) - 0.652568 + 1.37025*exp(-3.58087*(-x_1 - 0.34844)**2)) - 0.0890025,-0.610318899154663*sin(0.260442716854008*sin(1.60000002384186*x_2 - 1.54999995231628) - 1.45926898901232*cos(1.89999997615814*x_1 + 4.44999980926514) - 3.89169079675122 + 8.59152012924494/(3.5 - 1.25*x_3)) + 0.545813858509064*sin(5.60737898582499*cos(0.300000011920929*x_3 - 2.65000009536743) - 0.437833515358697*Abs(4.55000019073486*x_1 - 2.5) + 5.43582337440845 + 0.354922302309433*exp(-2.56000007629395*(-x_2 - 1.49011609718031e-7)**2)) - 0.483003467321396*tan(0.0553821570234936*sin(2.59999990463257*x_3 + 0.899999976158142) + 0.411444697470564*cos(3.34999990463257*x_1 - 5.0) - 0.325672784559032*cos(3.15000009536743*x_2 + 2.38418579101562e-7) - 3.21490391189225) + 0.558125734329224*atan(3.41459319680314*(0.0222222225533591*x_3 - 1)**4 + 0.63212510999044*sin(3.0*x_2 + 1.54999995231628) - 2.9934982219339 - 1.35748010616987*exp(-3.42250008821487*(-x_1 - 0.351351333935824)**2)) - 0.0761196464300156,-0.610319*sin(0.260443*sin(1.6*x_2 - 1.55) - 1.45927*cos(1.9*x_1 + 4.45) - 3.89169 + 8.59152/(3.5 - 1.25*x_3)) + 0.545814*sin(5.60738*cos(0.3*x_3 - 2.65) - 0.437834*Abs(4.55*x_1 - 2.5) + 5.43582 + 0.354922*exp(-2.56*(-x_2 - 1.49012e-7)**2)) - 0.483003*tan(0.0553822*sin(2.6*x_3 + 0.9) + 0.411445*cos(3.35*x_1 - 5.0) - 0.325673*cos(3.15*x_2 + 2.38419e-7) - 3.2149) + 0.558126*atan(3.41459*(0.0222222*x_3 - 1)**4 + 0.632125*sin(3.0*x_2 + 1.55) - 2.9935 - 1.35748*exp(-3.4225*(-x_1 - 0.351351)**2)) - 0.0761196
trig_interaction,6,synthetic,synthetic_formula,,,,,,{},3,"[[3, 0], [4, 0], [1, 0]]","[""__FULL_SYMBOLIC_LIB__""]",5,0.010322465561330318,0.98660933082791,0.1,0.75,True,,False,trig_interaction_seed6_816b1900b2d223cd,outputs\teacher_cache_stage20_quality_10seeds\trig_interaction_seed6_816b1900b2d223cd,readwrite,miss_write,2.2739936132812755,1.7973059925043398,0.00036442046985030174,-0.0003006868064403534,0.26666666666666666,0.07353610126301646,0.07109296694397926,5.700454264457706,0.9863280999999233,0.46890449999989414,1.5573972999999341,22.40518780000002,20.847790500000087,14.386301941066014,0.004115771967917681,0.0005502540152519941,0.0035655179526656866,0.004115771967917681,0.010322465561330318,0.9866093397140503,0.01413353905081749,0.9816654920578003,0.016043473035097122,0.9791878461837769,0.0019099339842796326,-0.0024776458740234375,True,True,True,,,0.778349697589874*tanh(0.460212509699986*sin(2.84231996536255*x_1 - 6.20103979110718) - 1.12779983942219 + 1.57326485387767*exp(-2.16937410694528*(-x_2 - 0.00325891870010131)**2)) - 0.284531891345978*tanh(1.50696229525386*sin(1.89424014091492*x_2 - 1.59335994720459) + 1.3055567758926*tanh(2.59999990463257*x_3 - 2.06399989128113) - 4.41328842151414 + 6.17426074368876*exp(-2.24136693482536*(-x_1 - 0.586031896966808)**2)) + 0.417336672544479 + 0.984574615955353*exp(-4.03380160397558*(0.115698945154191*cos(1.21095979213715*x_2 - 9.41184043884277) + 0.443510644612167*atan(0.722879588603973*x_3 - 0.447679579257965) - 0.126774271781227 + exp(-1.37339607082049*(-x_1 - 0.450337796324522)**2))**2) - 1.3445451259613*exp(-1.68622864034812*(0.0727470463206615*(0.0486808408631797 - x_2)**2 - 0.490079846722636*atan(0.80463969707489*x_3 - 0.351279646158218) + 0.179531490842367 - exp(-1.33393241003483*(0.531065986850811 - x_1)**2))**2),0.77835*tanh(0.460213*sin(2.84232*x_1 - 6.20104) - 1.1278 + 1.57326*exp(-2.16937*(-x_2 - 0.00325892)**2)) - 0.284532*tanh(1.50696*sin(1.89424*x_2 - 1.59336) + 1.30556*tanh(2.6*x_3 - 2.064) - 4.41329 + 6.17426*exp(-2.24137*(-x_1 - 0.586032)**2)) + 0.417337 + 0.984575*exp(-4.0338*(0.115699*cos(1.21096*x_2 - 9.41184) + 0.443511*atan(0.72288*x_3 - 0.44768) - 0.126774 + exp(-1.3734*(-x_1 - 0.450338)**2))**2) - 1.34455*exp(-1.68623*(0.072747*(0.0486808 - x_2)**2 - 0.49008*atan(0.80464*x_3 - 0.35128) + 0.179531 - exp(-1.33393*(0.531066 - x_1)**2))**2),-0.566037833690643*sin(-0.197142903704137*(0.05 - x_2)**2 + 1.33577588094866*atan(0.800000011920929*x_3 - 0.350000023841858) + 1.06332495310811 + 2.73529095148854*exp(-1.32249967098238*(x_1 - 0.521739216067175)**2)) - 0.665607869625092*cos(0.520210452377796*cos(2.84999990463257*x_1 - 1.5) - 6.01762799499556 + 1.79556053876877*exp(-2.10250013828278*(-x_2 - 1.64426600869718e-7)**2)) - 0.108448028564453 + 1.01611173152924*exp(-3.41833188199962*(0.551000817435951*tanh(0.600000023841858*x_3 - 0.450000017881393) + 0.169402764807209 - 0.344598070456557*exp(-0.25*(x_2 - 4.76837158203125e-7)**2) + exp(-1.44000011444092*(-x_1 - 0.458333275384375)**2))**2) - 0.606909811496735*exp(-3.10757506610388*(0.916204874730482*sin(2.45000004768372*x_1 + 3.04999995231628) - 0.452595939929789*sin(1.89999997615814*x_2 + 1.54999995231628) + 0.378480969587742*tanh(2.70000004768372*x_3 - 2.09999990463257) - 1)**2),-0.566038*sin(-0.197143*(0.05 - x_2)**2 + 1.33578*atan(0.8*x_3 - 0.35) + 1.06332 + 2.73529*exp(-1.3225*(x_1 - 0.521739)**2)) - 0.665608*cos(0.52021*cos(2.85*x_1 - 1.5) - 6.01763 + 1.79556*exp(-2.1025*(-x_2 - 1.64427e-7)**2)) - 0.108448 + 1.01611*exp(-3.41833*(0.551001*tanh(0.6*x_3 - 0.45) + 0.169403 - 0.344598*exp(-0.25*(x_2 - 4.76837e-7)**2) + exp(-1.44*(-x_1 - 0.458333)**2))**2) - 0.60691*exp(-3.10758*(0.916205*sin(2.45*x_1 + 3.05) - 0.452596*sin(1.9*x_2 + 1.55) + 0.378481*tanh(2.7*x_3 - 2.1) - 1)**2)
trig_interaction,7,synthetic,synthetic_formula,,,,,,{},3,"[[3, 0], [4, 0], [1, 0]]","[""__FULL_SYMBOLIC_LIB__""]",5,0.005634789355099201,0.9920889388524349,0.1,0.75,True,,False,trig_interaction_seed7_f4bba9bf1b563143,outputs\teacher_cache_stage20_quality_10seeds\trig_interaction_seed7_f4bba9bf1b563143,readwrite,miss_write,2.325428255170524,1.8297241108741835,3.95382521674037e-05,0.000109049491584301,0.16666666666666666,0.11790485214442015,0.11628711363300681,4.034996956586838,0.792570699999942,0.3810881999999083,1.2543190999999752,17.994015399999967,16.73969629999999,14.345644102844581,0.0014185206964612007,-7.16641079634428e-05,0.0014901848044246435,0.0014185206964612007,0.005634789355099201,0.9920889139175415,0.0075067863799631596,0.9894607067108154,0.0076680839993059635,0.9892342686653137,0.00016129761934280396,-0.00022643804550170898,True,True,True,,,0.340307533740997*cos(-5.49852048187955 + 2.20626886489612*exp(-0.476762045684698*(0.746842910570966 - x_3)**2) + 3.93481897229037*exp(-1.59466318293403*(0.434272979889234 - x_1)**2)) - 0.475844413042068*cos(1.20435134101132*atan(1.74319970607758*x_3 - 1.44311964511871) - 0.105686905751782 + 2.80986781680144*exp(-1.88567709227938*(0.615904461694628 - x_1)**2)) + 1.27561199106276 - 3.19173812866211*exp(-0.256303518314706*(0.176495858770146*cos(3.76304006576538*x_1 + 1.57663989067078) - 1 - 0.823148014677036*exp(-2.55462646474372*(0.000350368539271413 - x_2)**2))**2) + 1.17592430114746*exp(-2.28780896522036*(-0.863770242811085*sqrt(1 - 0.646038902605486*x_3) + 0.624257489191264 + exp(-1.6332833832894*(-x_1 - 0.536400722009201)**2))**2),0.340308*cos(-5.49852 + 2.20627*exp(-0.476762*(0.746843 - x_3)**2) + 3.93482*exp(-1.59466*(0.434273 - x_1)**2)) - 0.475844*cos(1.20435*atan(1.7432*x_3 - 1.44312) - 0.105687 + 2.80987*exp(-1.88568*(0.615904 - x_1)**2)) + 1.27561 - 3.19174*exp(-0.256304*(0.176496*cos(3.76304*x_1 + 1.57664) - 1 - 0.823148*exp(-2.55463*(0.000350369 - x_2)**2))**2) + 1.17592*exp(-2.28781*(-0.86377*sqrt(1 - 0.646039*x_3) + 0.624257 + exp(-1.63328*(-x_1 - 0.536401)**2))**2),-0.340384125709534*sin(0.914873136801617*sin(1.45000004768372*x_3 + 0.450000047683716) + 0.499577652656699 + 3.95235334563782*exp(-1.5625*(0.439999961853027 - x_1)**2)) - 0.485857784748077*sin(1.18348373987935*atan(1.75*x_3 - 1.45000004768372) - 4.80740487586902 + 2.75838269595482*exp(-1.9599999332428*(0.607142629063855 - x_1)**2)) + 1.42161237262189 - 3.44063258171082*exp(-0.275984807329681*(-0.157194992797806*cos(3.75*x_1 - 1.54999995231628) - 1 - 0.732956950368605*exp(-2.56000007629395*(-x_2 - 1.49011609718031e-7)**2))**2) + 1.18125772476196*exp(-2.2390861403424*(-0.869087392489837*sqrt(1 - 0.646341501709112*x_3) + 0.637468233826298 + exp(-1.68999987602234*(-x_1 - 0.538461549042245)**2))**2),-0.340384*sin(0.914873*sin(1.45*x_3 + 0.45) + 0.499578 + 3.95235*exp(-1.5625*(0.44 - x_1)**2)) - 0.485858*sin(1.18348*atan(1.75*x_3 - 1.45) - 4.8074 + 2.75838*exp(-1.96*(0.607143 - x_1)**2)) + 1.42161 - 3.44063*exp(-0.275985*(-0.157195*cos(3.75*x_1 - 1.55) - 1 - 0.732957*exp(-2.56*(-x_2 - 1.49012e-7)**2))**2) + 1.18126*exp(-2.23909*(-0.869087*sqrt(1 - 0.646342*x_3) + 0.637468 + exp(-1.69*(-x_1 - 0.538462)**2))**2)
trig_interaction,8,synthetic,synthetic_formula,,,,,,{},3,"[[3, 0], [4, 0], [1, 0]]","[""__FULL_SYMBOLIC_LIB__""]",5,0.003710345132276416,0.9948725003058646,0.1,0.75,True,,False,trig_interaction_seed8_761de8e4252e9ec6,outputs\teacher_cache_stage20_quality_10seeds\trig_interaction_seed8_761de8e4252e9ec6,readwrite,miss_write,2.304510206694021,1.8336216963935246,0.000423291465267539,0.000500725582242012,0.23076923076923078,0.06768383737653494,0.06545674614608288,7.249937078020034,0.8609937999999602,0.3957697000000735,1.343618699999979,19.738404899999978,18.3947862,14.690480937784123,0.002540432848036289,-0.00011610053479671478,0.002656533382833004,0.002540432848036289,0.003710345132276416,0.994872510433197,0.006333319470286369,0.9912477135658264,0.006398232653737068,0.9911580085754395,6.491318345069885e-05,-8.970499038696289e-05,True,True,True,,,-0.875385463237762*sin(0.274300587713093*sin(3.71679997444153*x_1 - 6.39264011383057) + 2.35819744220702 + 1.308098876835*exp(-2.37973771165231*(0.00217809055245966 - x_2)**2)) - 0.333187818527222*cos(-1.15031635096311*cos(2.58415985107422*x_1 + 1.60775983333588) + 0.269971789031359 + 0.942375778364458*exp(-7.8938514654883*(1 - 0.980324611118711*x_3)**2)) - 0.388169907033443 + 1.57415533065796*exp(-1.91108709160984*(0.0830289242349142*cos(1.00439989566803*x_2 + 9.40464019775391) + 0.437968661569231*atan(0.854559779167175*x_3 - 0.394959598779678) - 0.108315067181306 + exp(-1.37827549841313*(-x_1 - 0.558160181977989)**2))**2) - 0.912932395935059*exp(-3.65919917011107*(-0.291781228953446*atan(1.28991973400116*x_3 - 0.385839641094208) + 0.319012771120499 - exp(-0.91087913809648*(0.519781637383009 - x_1)**2))**2),-0.875385*sin(0.274301*sin(3.7168*x_1 - 6.39264) + 2.3582 + 1.3081*exp(-2.37974*(0.00217809 - x_2)**2)) - 0.333188*cos(-1.15032*cos(2.58416*x_1 + 1.60776) + 0.269972 + 0.942376*exp(-7.89385*(1 - 0.980325*x_3)**2)) - 0.38817 + 1.57416*exp(-1.91109*(0.0830289*cos(1.0044*x_2 + 9.40464) + 0.437969*atan(0.85456*x_3 - 0.39496) - 0.108315 + exp(-1.37828*(-x_1 - 0.55816)**2))**2) - 0.912932*exp(-3.6592*(-0.291781*atan(1.28992*x_3 - 0.38584) + 0.319013 - exp(-0.910879*(0.519782 - x_1)**2))**2),0.660699844360352*cos(0.118440834805369*cos(1.5*x_2 - 0.0499997138977051) - 1.28890107572079*atan(0.850000023841858*x_3 - 0.400000005960464) + 0.46645424887538 - 2.9373471736908*exp(-1.32249994516373*(-x_1 - 0.565217382290413)**2)) + 0.24054454267025*tanh(2.18153804540634*sin(2.59999990463257*x_1 + 0.0500001907348633) - 2.17004064284265 + 1.77583813667297*exp(-7.83999973297119*(1 - 0.982142873868651*x_3)**2)) + 1.59082352370024 - 0.929634213447571*exp(-3.45680353159747*(0.291516695147891*atan(1.29999995231628*x_3 - 0.399999976158142) - 0.317585437521223 + exp(-0.902499524354997*(x_1 - 0.526315928165969)**2))**2) - 1.88039064407349*exp(-0.510625689516566*(0.210393973793069*cos(3.70000004768372*x_1 + 1.45000004768372) - 0.436950810201812 - exp(-2.40249985218048*(-x_2 - 1.53818442862063e-7)**2))**2),0.6607*cos(0.118441*cos(1.5*x_2 - 0.0499997) - 1.2889*atan(0.85*x_3 - 0.4) + 0.466454 - 2.93735*exp(-1.3225*(-x_1 - 0.565217)**2)) + 0.240545*tanh(2.18154*sin(2.6*x_1 + 0.0500002) - 2.17004 + 1.77584*exp(-7.84*(1 - 0.982143*x_3)**2)) + 1.59082 - 0.929634*exp(-3.4568*(0.291517*atan(1.3*x_3 - 0.4) - 0.317585 + exp(-0.9025*(x_1 - 0.526316)**2))**2) - 1.88039*exp(-0.510626*(0.210394*cos(3.7*x_1 + 1.45) - 0.436951 - exp(-2.4025*(-x_2 - 1.53818e-7)**2))**2)
trig_interaction,9,synthetic,synthetic_formula,,,,,,{},3,"[[3, 0], [4, 0], [1, 0]]","[""__FULL_SYMBOLIC_LIB__""]",5,0.005634702276438475,0.992654739267162,0.1,0.75,True,,False,trig_interaction_seed9_e13e862f2cf595e9,outputs\teacher_cache_stage20_quality_10seeds\trig_interaction_seed9_e13e862f2cf595e9,readwrite,miss_write,2.278653896274424,1.8398444043978452,0.00017855246551334858,0.0005169110372662544,0.42857142857142855,0.04557870724238455,0.04754700604826212,7.494686586516244,0.9596051000000898,0.4159041999996589,1.464848599999982,21.142850100000032,19.67800150000005,14.433471213339242,0.002244096016511321,-4.7732843086123466e-05,0.0022918288595974445,0.002244096016511321,0.005634702276438475,0.9926547408103943,0.008298097178339958,0.9891828298568726,0.008001449517905712,0.9895694851875305,-0.00029664766043424606,0.000386655330657959,True,True,True,,,0.757538080215454*atan(0.543262787555975*sin(2.96455979347229*x_2 + 1.60583996772766) - 0.610547000857082*cos(2.75151991844177*x_1 + 1.58567988872528) + 0.603116501757805 - 0.251945694812107*exp(-11.203747283291*(1 - 0.995960802252326*x_3)**2)) + 0.548071682453156*atan(0.0975098797238929*sin(3.94503974914551*x_3 - 8.78999996185303) - 0.760463930563272*cos(2.7163999080658*x_1 + 1.5829598903656) - 1.4622943773772 + 1.3248478025658*exp(-2.68383023123148*(0.0178728276507284 - x_2)**2)) + 0.261186301708221 + 0.87171858549118*exp(-2.94135030394733*(-0.0744691002889902*Abs(9.95544052124023*x_1 + 5.28312015533447) + 0.683706653346373*atan(0.601999878883362*x_3 - 0.561999797821045) + 1)**2) - 1.21792316436768*exp(-2.45961459366296*(0.392417698104408*(-0.239844644385944*x_3 - 1)**3 + 0.895403430566745 - exp(-0.871310400173812*(0.557935985036518 - x_1)**2))**2),0.757538*atan(0.543263*sin(2.96456*x_2 + 1.60584) - 0.610547*cos(2.75152*x_1 + 1.58568) + 0.603117 - 0.251946*exp(-11.2037*(1 - 0.995961*x_3)**2)) + 0.548072*atan(0.0975099*sin(3.94504*x_3 - 8.79) - 0.760464*cos(2.7164*x_1 + 1.58296) - 1.46229 + 1.32485*exp(-2.68383*(0.0178728 - x_2)**2)) + 0.261186 + 0.871719*exp(-2.94135*(-0.0744691*Abs(9.95544*x_1 + 5.28312) + 0.683707*atan(0.602*x_3 - 0.562) + 1)**2) - 1.21792*exp(-2.45961*(0.392418*(-0.239845*x_3 - 1)**3 + 0.895403 - exp(-0.87131*(0.557936 - x_1)**2))**2),1.55937111377716*tanh(0.322131313383579*sin(2.75*x_1 + 2.38418579101562e-7) - 0.287331439554691*sin(2.95000004768372*x_2 - 1.54999995231628) + 0.683626130223274 - 0.131932687014341*exp(-11.2224993610382*(1 - x_3)**2)) + 0.556456863880157*atan(0.0960718435509378*sin(3.95000004768372*x_3 - 2.5) + 0.748062694772678*cos(2.70000004768372*x_1 - 1.54999995231628) + 0.579716955145848*cos(3.25*x_2 - 0.0499997138977051) - 0.747473375398725) - 0.265064373612404 + 0.846274733543396*exp(-16.0354483748923*(-0.848876846949906*sin(0.300000011920929*x_3 + 2.15000009536743) - 0.067349907912568*Abs(4.90000009536743*x_1 + 2.59999990463257) + 1)**2) - 1.18168485164642*exp(-2.76437041311541*(0.42727404896065*(0.159420273830299*x_3 + 1)**4 - 0.948306964186105 + exp(-0.809999527931282*(x_1 - 0.555555717444761)**2))**2),1.55937*tanh(0.322131*sin(2.75*x_1 + 2.38419e-7) - 0.287331*sin(2.95*x_2 - 1.55) + 0.683626 - 0.131933*exp(-11.2225*(1 - x_3)**2)) + 0.556457*atan(0.0960718*sin(3.95*x_3 - 2.5) + 0.748063*cos(2.7*x_1 - 1.55) + 0.579717*cos(3.25*x_2 - 0.0499997) - 0.747473) - 0.265064 + 0.846275*exp(-16.0354*(-0.848877*sin(0.3*x_3 + 2.15) - 0.0673499*Abs(4.9*x_1 + 2.6) + 1)**2) - 1.18168*exp(-2.76437*(0.427274*(0.15942*x_3 + 1)**4 - 0.948307 + exp(-0.81*(x_1 - 0.555556)**2))**2)
